,Date,Close,High,Low,Open,Volume,Stock,index
0,2025-01-06,1301.741455078125,1339.9994814736501,1294.4772728511266,1332.2510204315186,7984000,Yamaha,
1,2025-01-07,1314.817138671875,1319.659927396265,1299.804493626266,1308.521513330168,4386900,Yamaha,
2,2025-01-08,1306.5843505859375,1316.2699276844248,1297.8673311972989,1315.3013699745761,3315100,Yamaha,
3,2025-01-09,1268.810546875,1304.1629018070134,1262.0306431894085,1301.7415076335878,4356200,Yamaha,
4,2025-01-10,1257.6722412109375,1276.0748385024337,1256.2194045826616,1265.9049821045016,4075500,Yamaha,
5,2025-01-14,1244.1123046875,1265.4205730433778,1235.8795646409108,1251.3764870815492,4469000,Yamaha,
6,2025-01-15,1244.1123046875,1262.030621259488,1241.2066317298802,1259.1249483018685,2267900,Yamaha,
7,2025-01-16,1246.049560546875,1258.640811450186,1238.7853773334266,1257.1879748074962,4223100,Yamaha,
8,2025-01-17,1245.565185546875,1250.4079739821273,1234.91105098932,1239.7538394245723,2856900,Yamaha,
9,2025-01-20,1251.86083984375,1265.9049266350337,1247.5023301499032,1251.376560988878,1792100,Yamaha,
10,2025-01-21,1243.143798828125,1270.7476930755747,1236.8481738243206,1268.8105776897887,2863100,Yamaha,
11,2025-01-22,1248.9552001953125,1250.8923156667283,1239.2696228382338,1239.7539017060876,3944200,Yamaha,
12,2025-01-23,1253.3135986328125,1260.0935021802852,1237.816676238589,1246.0494162605203,3358400,Yamaha,
13,2025-01-24,1260.0936279296875,1273.6534363778164,1251.3766082130333,1257.1879546908028,2399500,Yamaha,
14,2025-01-27,1294.4774169921875,1301.7416000280584,1273.6534256226912,1278.4962143132716,4080600,Yamaha,
15,2025-01-28,1275.106201171875,1289.1502877020628,1269.2948550214523,1285.2760569351144,2893600,Yamaha,
16,2025-01-29,1271.71630859375,1278.011933883818,1261.062173487481,1273.653424067617,2690600,Yamaha,
17,2025-01-30,1262.0306396484375,1273.1690528149434,1261.5463608151113,1268.8105433150063,3189400,Yamaha,
18,2025-01-31,1262.999267578125,1264.9363830191958,1244.596670887953,1258.1564789754482,4675400,Yamaha,
19,2025-02-03,1206.3385009765625,1244.5965264993038,1203.4328281520504,1237.816623242109,9396600,Yamaha,
20,2025-02-04,1162.269287109375,1205.3701065063476,1157.426498413086,1200.0430389404298,12034900,Yamaha,
21,2025-02-05,1164.206298828125,1180.187500101556,1160.8163470428517,1173.4075965310094,4631700,Yamaha,
22,2025-02-06,1176.797607421875,1182.6089536313657,1164.2063573013118,1165.1749150028936,5872200,Yamaha,
23,2025-02-07,1176.797607421875,1182.1246747805749,1170.5019823615933,1176.3133285710842,4262900,Yamaha,
24,2025-02-10,1200.5272216796875,1208.759961804155,1177.2818377988383,1178.2503954605404,4658800,Yamaha,
25,2025-02-12,1134.1810302734375,1216.5084321293232,1117.7155499022604,1201.9800670959316,10941300,Yamaha,
26,2025-02-13,1172.4390869140625,1201.0115388462928,1166.6277407583545,1185.0303369180963,10088300,Yamaha,
27,2025-02-14,1161.7850341796875,1191.3260458866325,1161.3007552992458,1173.8920061907306,5959100,Yamaha,
28,2025-02-17,1151.6151123046875,1160.3321316577087,1140.960977539884,1155.4893431282526,5037200,Yamaha,
29,2025-02-18,1170.0177001953125,1175.8290463883357,1151.615103917406,1151.615103917406,3418200,Yamaha,
30,2025-02-19,1166.627685546875,1170.017637310606,1159.8477820194128,1167.111964370265,3828500,Yamaha,
31,2025-02-20,1164.690673828125,1170.0177413591477,1152.58370216671,1161.7850006293854,4455600,Yamaha,
32,2025-02-21,1199.074462890625,1201.9801360640272,1174.3762409167066,1176.797635227875,8031600,Yamaha,
33,2025-02-25,1207.30712890625,1212.634196061472,1189.3888121114119,1189.873090943705,4851700,Yamaha,
34,2025-02-26,1211.181396484375,1214.0870695667045,1194.2316368374525,1208.7600022491004,3122200,Yamaha,
35,2025-02-27,1217.47705078125,1221.35128165088,1202.9486850201372,1206.8229158897673,3500500,Yamaha,
36,2025-02-28,1191.3260498046875,1222.3198982548909,1184.061866574171,1217.4771094345465,5899800,Yamaha,
37,2025-03-03,1191.3260498046875,1199.5587907992729,1185.03042433824,1191.3260498046875,3518500,Yamaha,
38,2025-03-04,1175.3447265625,1188.9045338734807,1170.0176594046147,1178.734678390245,4985000,Yamaha,
39,2025-03-05,1176.797607421875,1189.873136393229,1173.8919343171297,1175.3447708695023,3370700,Yamaha,
40,2025-03-06,1175.8291015625,1179.7033325396417,1170.0177550967874,1170.0177550967874,4754300,Yamaha,
41,2025-03-07,1176.797607421875,1179.2190016758295,1156.4578956886573,1169.0491458092206,5399300,Yamaha,
42,2025-03-10,1184.5460205078125,1188.9045299863776,1170.017655579262,1177.766116874489,3400900,Yamaha,
43,2025-03-11,1173.8919677734375,1186.9674971174486,1168.5649002629145,1176.7976409609955,5035300,Yamaha,
44,2025-03-12,1174.3760986328125,1177.766050257732,1164.2062437580541,1171.954704615013,4298800,Yamaha,
45,2025-03-13,1149.677978515625,1183.0932188347397,1149.677978515625,1174.3761996210576,6614300,Yamaha,
46,2025-03-14,1159.8477783203125,1161.3006147858493,1139.02378898095,1139.02378898095,7026100,Yamaha,
47,2025-03-17,1177.2818603515625,1181.640369912716,1167.5962835489993,1170.5019565897683,3520800,Yamaha,
48,2025-03-18,1201.495849609375,1208.760032496977,1196.6530610176403,1198.1058975951607,3788400,Yamaha,
49,2025-03-19,1201.9801025390625,1211.6656795135916,1198.5901505979773,1200.0429871441568,3094600,Yamaha,
50,2025-03-21,1186.9674072265625,1205.3700026874394,1181.6403401194666,1181.6403401194666,3724800,Yamaha,
51,2025-03-24,1177.76611328125,1191.3259205065276,1173.8918826454565,1187.451689870734,4019800,Yamaha,
52,2025-03-25,1194.231689453125,1199.0744781370388,1184.5461120852976,1190.3574585059941,2888000,Yamaha,
53,2025-03-26,1195.6844482421875,1199.0744001003063,1185.514592667831,1188.4202656890757,3302200,Yamaha,
54,2025-03-27,1196.1688232421875,1196.1688232421875,1167.596369569601,1184.5461302228302,5051900,Yamaha,
55,2025-03-28,1195.6844482421875,1202.4643519584251,1184.0617561572087,1196.1687270790615,4433000,Yamaha,
56,2025-03-31,1154.520751953125,1162.2692133756293,1140.4766656248362,1161.7849345367226,6960300,Yamaha,
57,2025-04-01,1156.4578857421875,1170.9862511409588,1153.0679338158075,1169.5334146010816,3939600,Yamaha,
58,2025-04-02,1154.520751953125,1165.1748864090682,1148.709405886247,1165.1748864090682,4456300,Yamaha,
59,2025-04-03,1093.5015869140625,1121.1054799406795,1083.816010413495,1102.218605764573,9634300,Yamaha,
60,2025-04-04,1013.5956420898438,1054.2750658526468,996.1616033343568,1041.1995367860316,11451600,Yamaha,
61,2025-04-07,955.3853149414062,981.6332043060227,932.5273183256156,940.9537819272828,13159900,Yamaha,
62,2025-04-08,1012.6270751953125,1022.796931043759,982.117507649973,984.0546230496772,8663100,Yamaha,
63,2025-04-09,958.4846801757812,974.3690501668783,945.8934300245194,958.8721269037868,14086400,Yamaha,
64,2025-04-10,1078.489013671875,1104.1557930722386,1050.885118845069,1104.1557930722386,10200500,Yamaha,
65,2025-04-11,1037.3253173828125,1046.5266157162735,994.7087777330985,996.1616143120659,7222000,Yamaha,
66,2025-04-14,1041.6837158203125,1062.9919833684733,1041.6837158203125,1046.0422250915271,3562700,Yamaha,
67,2025-04-15,1063.4764404296875,1077.036249324055,1058.1493726497574,1068.8035082096176,4467100,Yamaha,
68,2025-04-16,1052.8221435546875,1070.2561808904597,1041.199451997506,1065.4133927416342,3335300,Yamaha,
69,2025-04-17,1078.0047607421875,1080.910433951735,1050.8851441197426,1053.3065384610322,3413000,Yamaha,
70,2025-04-18,1065.4134521484375,1071.2247982510653,1054.7593176269531,1055.7278753107244,3945200,Yamaha,
71,2025-04-21,1044.1051025390625,1062.5076971107158,1042.1679873209937,1060.570581892647,3245000,Yamaha,
72,2025-04-22,1039.7467041015625,1042.1680983821902,1020.859828712666,1026.6711749861727,3598500,Yamaha,
73,2025-04-23,1062.0234375,1073.1618502051983,1050.8850247948017,1072.677571391929,4968000,Yamaha,
74,2025-04-24,1066.8663330078125,1079.94186228208,1062.0235443877134,1070.256285041882,5001900,Yamaha,
75,2025-04-25,1094.9544677734375,1095.4387466180963,1073.6461986084523,1078.004708210381,4521200,Yamaha,
76,2025-04-28,1090.595947265625,1112.388495057345,1090.595947265625,1103.1871971008409,3876300,Yamaha,
77,2025-04-30,1086.7218017578125,1104.1558413582052,1078.4890608354049,1096.4073793135863,6589600,Yamaha,
78,2025-05-01,1103.187255859375,1103.187255859375,1072.6776873259507,1075.0990816540002,3035300,Yamaha,
79,2025-05-02,1108.5142822265625,1121.1055322649595,1107.0614456836706,1118.6841380268063,4010200,Yamaha,
80,2025-05-07,1090.1116943359375,1111.9042426456297,1090.1116943359375,1111.9042426456297,5149500,Yamaha,
81,2025-05-08,1092.5330810546875,1098.3444272305103,1080.910388703042,1083.8160617909532,3171900,Yamaha,
82,2025-05-09,1109.48291015625,1120.6213243568584,1100.281611468791,1120.137045478571,5054000,Yamaha,
83,2025-05-12,1122.0740966796875,1122.0740966796875,1107.0614523132351,1119.652702427034,3923600,Yamaha,
84,2025-05-13,1098.8287353515625,1159.3635929623802,1084.7846483858527,1150.1622946055359,11744000,Yamaha,
85,2025-05-14,1039.7467041015625,1075.5833394548533,1038.7781463893114,1072.6776663181001,12730600,Yamaha,
86,2025-05-15,1024.7340087890625,1043.1366044100382,1019.8912204677531,1039.2623737529907,6842200,Yamaha,
87,2025-05-16,1038.778076171875,1041.6837491122158,1021.3440385298295,1024.7339902935605,5571800,Yamaha,
88,2025-05-19,1052.3380126953125,1056.6965226420486,1048.463781631547,1050.8851760464004,4757900,Yamaha,
89,2025-05-20,1050.4007568359375,1073.6461401130814,1049.43219919939,1070.2561883851645,5026700,Yamaha,
90,2025-05-21,1050.4007568359375,1067.3505154755217,1050.4007568359375,1060.570612019688,5570700,Yamaha,
91,2025-05-22,1031.513916015625,1050.885069368031,1027.6396853451438,1045.0737233623092,6493700,Yamaha,
92,2025-05-23,1038.2938232421875,1044.5894481032642,1036.3567079003178,1040.7152174195248,3680600,Yamaha,
93,2025-05-26,1041.199462890625,1048.4636451898618,1036.3566746911338,1038.2937899709302,3288900,Yamaha,
94,2025-05-27,1050.8851318359375,1051.853689561132,1038.7781602710072,1038.7781602710072,2475000,Yamaha,
95,2025-05-28,1057.6650390625,1069.2877317994505,1056.2122024703813,1067.3506163432921,4218000,Yamaha,
96,2025-05-29,1076.5518798828125,1086.2374568498194,1058.63356249385,1060.5706778872511,4917500,Yamaha,
97,2025-05-30,1075.09912109375,1084.7846987612613,1061.0550334758586,1065.4135434262387,11255400,Yamaha,
98,2025-06-02,1056.6964111328125,1076.551843239341,1052.82218047788,1075.0990067437415,5127900,Yamaha,
99,2025-06-03,1052.8221435546875,1058.1492105183956,1046.5265189612142,1052.8221435546875,3894400,Yamaha,
100,2025-06-04,1051.8536376953125,1063.4763298245425,1051.8536376953125,1063.4763298245425,4050100,Yamaha,
101,2025-06-05,1033.4510498046875,1049.432251605791,1033.4510498046875,1046.042299708587,5628200,Yamaha,
102,2025-06-06,1044.1051025390625,1047.4950541706828,1037.325199275822,1037.325199275822,3430400,Yamaha,
103,2025-06-09,1046.526611328125,1050.8851210467521,1043.1366593247483,1047.9794479010006,3041700,Yamaha,
104,2025-06-10,1054.2750244140625,1058.1492550963374,1049.9165148965033,1055.7278609199157,4087100,Yamaha,
105,2025-06-11,1062.0234375,1066.866225632695,1058.6334858071136,1060.086322246922,4205000,Yamaha,
106,2025-06-12,1053.790771484375,1064.4449061225444,1051.853656095617,1061.0549541922178,4564200,Yamaha,
107,2025-06-13,1041.6837158203125,1052.8221284023057,1040.2308793965742,1052.8221284023057,6984400,Yamaha,
108,2025-06-16,1050.4007568359375,1055.2435450186758,1047.9793627445683,1053.7907085638544,3557500,Yamaha,
109,2025-06-17,1055.727783203125,1056.2120620027595,1049.432158807877,1052.8221104053182,2917800,Yamaha,
110,2025-06-18,1066.8663330078125,1072.1934004899215,1054.275082595555,1054.759361457565,5862200,Yamaha,
111,2025-06-19,1056.6964111328125,1075.0990067437415,1053.7907381416132,1067.3505454338765,6125600,Yamaha,
112,2025-06-20,1047.0108642578125,1061.0549507811597,1047.0108642578125,1059.6021142442617,9043200,Yamaha,
113,2025-06-23,1044.5894775390625,1054.275054521344,1032.9667851603247,1050.8851025775455,5037300,Yamaha,
114,2025-06-24,1042.1680908203125,1054.7593409882159,1042.1680908203125,1053.7907832829926,4444800,Yamaha,
115,2025-06-25,1043.6209716796875,1048.4637604113798,1033.4511153431336,1048.4637604113798,4619000,Yamaha,
116,2025-06-26,1042.1680908203125,1048.463715904264,1036.3567445889723,1036.8410234415842,6580100,Yamaha,
117,2025-06-27,1065.9664306640625,1072.907607421875,1055.5546655273438,1062.0000439453124,14034000,Yamaha,
118,2025-06-30,1070.4285888671875,1074.8907738138316,1062.991613956114,1071.9159838494022,5942300,Yamaha,
119,2025-07-01,1057.0419921875,1065.4705634197644,1052.5798074174777,1062.4957735730827,4207000,Yamaha,
120,2025-07-02,1058.0335693359375,1058.0335693359375,1041.672225480227,1051.588191453385,5329800,Yamaha,
121,2025-07-03,1075.3865966796875,1077.8655883732783,1051.0924780824978,1061.008444856861,5656300,Yamaha,
122,2025-07-04,1074.39501953125,1080.344599704012,1067.453842663028,1075.8824145744404,3477700,Yamaha,
123,2025-07-07,1047.621826171875,1082.8235060858376,1047.621826171875,1074.89073314748,5028100,Yamaha,
124,2025-07-08,1052.579833984375,1058.03361550761,1046.6302541408459,1047.621850781434,5207400,Yamaha,
125,2025-07-09,1066.9580078125,1073.4033861124826,1057.5378395279101,1065.9664111509642,5203500,Yamaha,
126,2025-07-10,1049.6051025390625,1061.0084645411403,1047.1261107994803,1059.521069497391,6038500,Yamaha,
127,2025-07-11,1067.4537353515625,1073.4033149262111,1053.5713830107154,1063.4873489684633,5542100,Yamaha,
128,2025-07-14,1070.4285888671875,1084.3109420345247,1068.9411938849728,1077.865563778261,4718700,Yamaha,
129,2025-07-15,1072.9075927734375,1079.848769436482,1066.4622144434677,1070.924399441139,3411000,Yamaha,
130,2025-07-16,1055.5545654296875,1074.3949005571315,1055.5545654296875,1073.899102264304,4159700,Yamaha,
131,2025-07-17,1053.07568359375,1055.5546753159576,1043.6555150493614,1049.6050951826594,4251600,Yamaha,
132,2025-07-18,1049.1092529296875,1057.04202610874,1046.6302613112337,1055.0588328139768,3520400,Yamaha,
133,2025-07-22,1046.1343994140625,1053.57137381748,1039.6890215977674,1050.1007857625518,5014000,Yamaha,
134,2025-07-23,1144.79833984375,1148.2689281412408,1086.2941371146194,1103.1512802738605,21832900,Yamaha,
135,2025-07-24,1142.3193359375,1148.764714135064,1135.3781594170464,1141.327739291721,7492800,Yamaha,
136,2025-07-25,1107.6134033203125,1128.9327302418762,1107.117605019811,1127.445335340372,6028200,Yamaha,
137,2025-07-28,1122.4874267578125,1123.4790234245597,1108.605073423352,1109.596670090099,3445000,Yamaha,
138,2025-07-29,1089.7646484375,1109.1007818720143,1085.302463798766,1106.6217904060509,6025000,Yamaha,
139,2025-07-30,1093.7310791015625,1099.1848605476719,1082.8235162093438,1087.2857010288878,22804100,Yamaha,
140,2025-07-31,1084.3109130859375,1093.2352827409657,1080.8403248867598,1092.2436861126293,5837600,Yamaha,
141,2025-08-01,1100.6722412109375,1106.6218208931589,1096.2100564492716,1098.1932496766788,4010900,Yamaha,
142,2025-08-04,1078.361328125,1081.8319163074714,1069.9327568247127,1078.8571264367818,6643200,Yamaha,
143,2025-08-05,1018.3697509765625,1112.5714319334986,1013.4117677683028,1079.848742758984,22804500,Yamaha,
144,2025-08-06,1047.621826171875,1055.5545991102329,1026.7982972086859,1030.2688853692173,11939700,Yamaha,
145,2025-08-07,1048.11767578125,1054.067255776224,1043.159692452105,1046.134482449592,6062900,Yamaha,
146,2025-08-08,1070.92431640625,1073.8991061740453,1047.125998263889,1053.0755777994793,6584400,Yamaha,
147,2025-08-12,1087.2857666015625,1095.2185400924996,1078.8571947674418,1080.8403881401762,5814100,Yamaha,
148,2025-08-13,1088.27734375,1105.1344871156036,1088.27734375,1098.6891087699316,5152900,Yamaha,
149,2025-08-14,1067.9495849609375,1095.714290976635,1067.9495849609375,1088.2773161510017,5098500,Yamaha,
150,2025-08-15,1077.3697509765625,1079.848742580282,1071.4201711276353,1074.890759372843,3218300,Yamaha,
151,2025-08-18,1090.260498046875,1095.2184812121632,1080.8403300328273,1082.3277249824139,3885300,Yamaha,
152,2025-08-19,1098.1932373046875,1104.6386152211485,1086.7898763755643,1093.2352542920253,3870300,Yamaha,
153,2025-08-20,1080.84033203125,1118.0252058396645,1078.857138761468,1108.1092394907541,5581000,Yamaha,
154,2025-08-21,1065.9664306640625,1082.82357421875,1065.9664306640625,1080.840380859375,4251000,Yamaha,
155,2025-08-22,1075.88232421875,1075.88232421875,1062.4957699542772,1066.4621564030099,2810100,Yamaha,
156,2025-08-25,1083.815185546875,1093.2353541312257,1077.8656053883378,1082.8235888537854,4160400,Yamaha,
157,2025-08-26,1088.27734375,1088.27734375,1067.9496120444192,1082.8235620728929,6516000,Yamaha,
158,2025-08-27,1079.8487548828125,1089.764721410662,1076.8739649244576,1080.8403515355974,3264500,Yamaha,
159,2025-08-28,1084.3109130859375,1089.26889622762,1077.8655350017505,1079.8487282584233,3003700,Yamaha,
160,2025-08-29,1068.941162109375,1081.8319182387088,1068.941162109375,1077.3697334247088,4402600,Yamaha,
161,2025-09-01,1078.857177734375,1079.3529760697309,1058.0336476494285,1067.949614356546,3755000,Yamaha,
162,2025-09-02,1087.781494140625,1088.2772924515368,1075.3865363678285,1076.3781329896522,2659900,Yamaha,
163,2025-09-03,1094.2269287109375,1123.4790305659196,1094.2269287109375,1110.5882738162666,8191900,Yamaha,
164,2025-09-04,1095.218505859375,1101.663884119299,1088.773127599451,1092.7395142209427,3879600,Yamaha,
165,2025-09-05,1110.0924072265625,1120.5041716534306,1101.6638360238596,1110.5882055326038,4355200,Yamaha,
166,2025-09-08,1123.9747314453125,1131.9075041418828,1114.0587655745994,1117.529353629349,4870700,Yamaha,
167,2025-09-09,1126.4537353515625,1135.378104733749,1119.016760866407,1128.4369285476039,4002000,Yamaha,
168,2025-09-10,1108.6051025390625,1116.5378760813812,1104.1429174215082,1115.5462793885915,4641000,Yamaha,
169,2025-09-11,1105.1343994140625,1109.5965840684935,1099.680618169758,1104.6386011191257,3765300,Yamaha,
170,2025-09-12,1113.0672607421875,1114.5546557454065,1105.1344873916864,1110.0924707357497,4197400,Yamaha,
171,2025-09-16,1114.5545654296875,1122.487338137372,1113.5629688412268,1118.0251534892996,3076300,Yamaha,
172,2025-09-17,1105.1343994140625,1114.5545670178612,1099.680618169758,1113.067172133051,3361700,Yamaha,
173,2025-09-18,1100.6722412109375,1112.57140057538,1100.6722412109375,1110.5882073479731,2911100,Yamaha,
174,2025-09-19,1096.7059326171875,1115.546269615132,1092.243747538727,1105.6303027741085,5667900,Yamaha,
175,2025-09-22,1103.6470947265625,1110.588271422956,1099.6807080429091,1100.6723047138225,2855400,Yamaha,
176,2025-09-24,1105.6302490234375,1119.512601925974,1102.6554591157512,1113.5630221106012,3513900,Yamaha,
177,2025-09-25,1112.5714111328125,1112.5714111328125,1100.6722516554562,1105.134436459465,4566000,Yamaha,
178,2025-09-26,1112.07568359375,1116.537868681732,1106.6219018195497,1116.537868681732,5701500,Yamaha,
179,2025-09-29,1094.2269287109375,1115.0504588449926,1094.2269287109375,1113.563063835417,4803900,Yamaha,
180,2025-09-30,1100.6722412109375,1102.6554344383446,1085.3024936985325,1090.756275073902,5885800,Yamaha,
181,2025-10-01,1088.7730712890625,1098.6890373299464,1085.7982814767972,1096.7058441217696,5363900,Yamaha,
182,2025-10-02,1083.815185546875,1096.2101442104943,1080.8403954676064,1085.3025805865093,5342100,Yamaha,
183,2025-10-03,1092.739501953125,1096.7058885300873,1081.8319388664786,1087.781518731922,3759600,Yamaha,
184,2025-10-06,1127.4454345703125,1150.2521584006706,1122.9832494730686,1144.7983766151501,11652300,Yamaha,
185,2025-10-07,1127.941162109375,1133.3949435525412,1118.5209941620878,1120.9999857271634,5021200,Yamaha,
186,2025-10-08,1132.899169921875,1146.2857246649344,1129.4285816551558,1130.42017830279,6120400,Yamaha,
187,2025-10-09,1130.420166015625,1134.3865525630483,1122.4873929207786,1127.4453761050577,6057400,Yamaha,
188,2025-10-10,1090.75634765625,1121.0000463867186,1090.75634765625,1119.0168530273438,6580600,Yamaha,
189,2025-10-14,1070.92431640625,1087.2856601291232,1064.4789385760273,1074.8907027633102,8167400,Yamaha,
190,2025-10-15,1085.79833984375,1090.7563231307079,1081.336154885488,1083.3193482002712,5088600,Yamaha,
191,2025-10-16,1089.2689208984375,1093.235307501618,1083.8151393190644,1092.7395091762205,4557700,Yamaha,
192,2025-10-17,1074.39501953125,1086.2941798767738,1073.8992211835198,1085.7983815290436,4717800,Yamaha,
193,2025-10-20,1096.2100830078125,1105.6302510662242,1091.2520998191746,1093.7310914134935,4832800,Yamaha,
194,2025-10-21,1101.663818359375,1105.6302047441072,1095.7142387822767,1100.672221763192,3828800,Yamaha,
195,2025-10-22,1133.8907470703125,1134.8823437008944,1111.0840245669306,1111.5798228822214,7912700,Yamaha,
196,2025-10-23,1118.0252685546875,1127.4454371145719,1118.0252685546875,1125.4622437335436,4200400,Yamaha,
197,2025-10-24,1121.9915771484375,1130.4201484305954,1121.4957788377224,1125.957963634159,5712300,Yamaha,
198,2025-10-27,1155.2100830078125,1155.2100830078125,1133.3949569767638,1137.3613435278635,6686600,Yamaha,
199,2025-10-28,1136.3697509765625,1155.2100871620378,1133.8907593732104,1155.2100871620378,4819200,Yamaha,
200,2025-10-29,1108.6051025390625,1137.3614066299683,1108.6051025390625,1136.8656082835735,6251300,Yamaha,
201,2025-10-30,1117.5294189453125,1123.9747971379873,1104.1428642374494,1107.6134524950435,5105400,Yamaha,
202,2025-10-31,1105.6302490234375,1124.966383423399,1102.1596607978033,1117.0336103362354,5404100,Yamaha,
203,2025-11-04,1102.655517578125,1117.529467905168,1098.6891308242468,1106.1261059877684,7333700,Yamaha,
204,2025-11-05,1093.2353515625,1124.4706473214285,1058.5294673859128,1115.5462771045918,17981800,Yamaha,
205,2025-11-06,1112.07568359375,1123.9748438283689,1101.1681200453495,1120.0084570834958,8157200,Yamaha,
206,2025-11-07,1124.9664306640625,1129.4286157129725,1108.1092871459584,1115.546262227475,7165700,Yamaha,
207,2025-11-10,1120.504150390625,1131.9075112131843,1110.5881844579646,1130.4201163232854,5819800,Yamaha,
208,2025-11-11,1101.1680908203125,1121.000024018337,1101.1680908203125,1120.5042256883864,7145600,Yamaha,
209,2025-11-12,1114.5545654296875,1118.5209517835299,1098.6890200143182,1099.6806166027789,6526400,Yamaha,
210,2025-11-13,1091.7479248046875,1114.5546480294902,1091.7479248046875,1114.5546480294902,9059400,Yamaha,
211,2025-11-14,1106.1260986328125,1106.1260986328125,1080.8403832449715,1086.789963336228,7723100,Yamaha,
212,2025-11-17,1102.15966796875,1107.1176511804854,1088.7731132970648,1101.6638696475766,6125400,Yamaha,
213,2025-11-18,1087.781494140625,1110.0924181316589,1087.781494140625,1105.630233333452,7482700,Yamaha,
214,2025-11-19,1080.84033203125,1095.2184832371704,1080.84033203125,1091.252096697606,5796100,Yamaha,
215,2025-11-20,1083.3193359375,1102.159672214674,1082.3277392913328,1093.731100722254,5214900,Yamaha,
216,2025-11-21,1108.1092529296875,1108.605051253146,1080.8403451394715,1081.3361434629298,8951900,Yamaha,
217,2025-11-25,1095.7142333984375,1108.6049890854779,1087.2856623722957,1105.6301993115455,5933700,Yamaha,
218,2025-11-26,1106.1260986328125,1109.596687019379,1094.226938450299,1099.6807202006178,6012700,Yamaha,
219,2025-11-27,1110.0924072265625,1114.0587936748932,1104.6386258601078,1106.621819084273,4768400,Yamaha,
220,2025-11-28,1121.9915771484375,1123.974770391298,1112.5714092448493,1114.5546024877099,5636400,Yamaha,
221,2025-12-01,1112.5714111328125,1129.428553725734,1111.084016198143,1125.462167233282,4969300,Yamaha,
222,2025-12-02,1099.6806640625,1120.9999916344962,1099.6806640625,1116.042008478218,5798700,Yamaha,
223,2025-12-03,1092.24365234375,1107.1176013089396,1091.7478540449104,1103.647013217062,5761800,Yamaha,
224,2025-12-04,1124.9664306640625,1124.9664306640625,1093.7311353216933,1093.7311353216933,7235100,Yamaha,
225,2025-12-05,1128.9327392578125,1129.9243358667345,1116.5377816462862,1124.966352822124,7831400,Yamaha,
226,2025-12-08,1144.302490234375,1144.7982885403692,1123.478961382623,1129.4285410545522,7861200,Yamaha,
227,2025-12-09,1138.3529052734375,1149.7562662583196,1132.4033256291514,1146.2856781324858,5415300,Yamaha,
228,2025-12-10,1154.218505859375,1162.6470774227812,1137.3613627325628,1140.831951023377,8603500,Yamaha,
229,2025-12-11,1150.2520751953125,1167.109217676623,1142.8151005712048,1166.1176210600754,4511800,Yamaha,
230,2025-12-12,1193.88232421875,1193.88232421875,1158.1848460859635,1170.084005463559,8405500,Yamaha,
231,2025-12-15,1191.899169921875,1206.277321306124,1180.495808479195,1198.840346452202,7297400,Yamaha,
232,2025-12-16,1179.0084228515625,1191.899179367181,1176.5294312139436,1190.9075827121333,6080100,Yamaha,
233,2025-12-17,1169.0924072265625,1180.9915665876472,1161.159634319173,1179.0083733607996,5378900,Yamaha,
234,2025-12-18,1174.0504150390625,1174.0504150390625,1158.184868889886,1166.1176419644742,4815900,Yamaha,
235,2025-12-19,1158.184814453125,1170.0839735057257,1155.210024689975,1168.5965786241507,8669000,Yamaha,
236,2025-12-22,1196.361328125,1198.8403196876295,1169.5882192486013,1170.0840175611272,9782100,Yamaha,
237,2025-12-23,1187.9327392578125,1199.8318985825986,1184.957949426616,1199.3361002773993,7244800,Yamaha,
238,2025-12-24,1175.537841796875,1191.403388375323,1175.537841796875,1189.9159933835933,7538800,Yamaha,
239,2025-12-25,1186.4454345703125,1189.9160229706436,1178.5126610838415,1184.9580395415992,5399600,Yamaha,
240,2025-12-26,1180.0,1189.9159663865546,1178.5126050420167,1189.9159663865546,9693300,Yamaha,
241,2025-12-29,1170.0,1175.0,1155.0,1165.0,8241400,Yamaha,
242,2025-12-30,1159.5,1168.5,1158.0,1165.0,5329900,Yamaha,
243,2026-01-05,1176.0,1179.0,1165.0,1170.5,6813400,Yamaha,
244,2026-01-06,1181.0,1198.0,1176.0,1182.0,6991600,Yamaha,
245,2026-01-07,1201.5,1208.0,1173.5,1178.0,10885400,Yamaha,
246,2026-01-08,1203.0,1216.0,1191.5,1195.0,9158300,Yamaha,
247,2026-01-09,1234.5,1254.5,1227.0,1233.0,12327500,Yamaha,
248,2026-01-13,1253.5,1269.0,1242.5,1259.0,8262700,Yamaha,
249,2026-01-14,1265.0,1269.0,1248.0,1258.5,7146700,Yamaha,
250,2026-01-15,1279.0,1288.0,1244.0,1260.5,7368300,Yamaha,
251,2026-01-16,1268.0,1280.0,1264.0,1266.5,4372400,Yamaha,
252,2026-01-19,1256.0,1263.0,1239.5,1255.5,5971400,Yamaha,
253,2026-01-20,1251.0,1254.0,1239.5,1247.5,4570700,Yamaha,
254,2026-01-21,1217.5,1225.5,1211.0,1221.0,6758700,Yamaha,
255,2026-01-22,1223.0,1243.5,1220.0,1229.5,5411300,Yamaha,
256,2026-01-23,1202.5,1221.5,1194.0,1217.5,6948400,Yamaha,
257,2026-01-26,1169.5,1177.5,1157.0,1174.0,9157800,Yamaha,
258,2026-01-27,1151.0,1164.5,1150.0,1158.0,6260000,Yamaha,
259,2026-01-28,1128.5,1141.0,1126.0,1132.5,7453300,Yamaha,
260,2026-01-29,1150.5,1153.5,1120.0,1128.0,4872800,Yamaha,
261,2026-01-30,1163.5,1169.5,1153.0,1164.0,6670700,Yamaha,
262,2026-02-02,1165.0,1194.0,1165.0,1184.0,5147500,Yamaha,
263,2026-02-03,1047.5,1057.0,1033.5,1049.0,34741000,Yamaha,
264,2026-02-04,1060.5,1060.5,1033.0,1048.0,14888600,Yamaha,
265,2026-02-05,1079.0,1089.5,1070.5,1080.0,10153800,Yamaha,
266,2026-02-06,1097.5,1097.5,1062.0,1080.0,9804200,Yamaha,
0,2025-01-06,2912.95166015625,3002.9232657339753,2902.309857345981,3001.95582911486,41298500,Toyota,
1,2025-01-07,2952.616455078125,3025.1741988955755,2896.988851484746,2906.1794990349567,44700900,Toyota,
2,2025-01-08,2972.932861328125,2992.2815945616308,2942.9423248161916,2950.6818181095937,24570000,Toyota,
3,2025-01-09,2907.147216796875,2970.9980375318482,2899.8914417133556,2970.0306008540456,26998400,Toyota,
4,2025-01-10,2836.524169921875,2928.430648824528,2832.6544234417634,2891.668057263467,26369200,Toyota,
5,2025-01-14,2812.82177734375,2885.8632370821692,2803.631130091896,2836.523972888005,28127600,Toyota,
6,2025-01-15,2806.53369140625,2847.6497485881755,2797.34304333029,2835.073072273704,20709300,Toyota,
7,2025-01-16,2744.61767578125,2799.7615628166855,2729.1386899467416,2795.8918163580583,25970400,Toyota,
8,2025-01-17,2697.21337890625,2739.296873161064,2695.762223931946,2727.2039150418645,22690400,Toyota,
9,2025-01-20,2776.543212890625,2800.2454110494473,2737.845746508874,2744.6178031256804,25039100,Toyota,
10,2025-01-21,2781.864013671875,2860.2263802541815,2760.5804079334707,2824.91494346092,28584700,Toyota,
11,2025-01-22,2820.5615234375,2839.426537914273,2798.3104807213062,2805.566255520065,24169400,Toyota,
12,2025-01-23,2829.752197265625,2832.6545072115387,2763.9665051582533,2798.794224509215,21725600,Toyota,
13,2025-01-24,2788.635986328125,2836.0403795042143,2769.7709727172323,2799.7615071755745,24980800,Toyota,
14,2025-01-27,2826.849853515625,2845.7148679384704,2815.7243321893316,2818.6266421005384,18257200,Toyota,
15,2025-01-28,2795.408203125,2840.3940073974736,2795.408203125,2805.56628796072,18314000,Toyota,
16,2025-01-29,2834.58935546875,2840.877693629346,2804.1151013058607,2822.0126791475577,17997800,Toyota,
17,2025-01-30,2852.970458984375,2866.9982893184792,2827.333389753081,2831.686854339527,18783700,Toyota,
18,2025-01-31,2876.6728515625,2890.700682854801,2825.882427917963,2840.393977530688,20964200,Toyota,
19,2025-02-03,2732.524658203125,2777.510459798609,2709.78989825702,2733.0083764998503,40169700,Toyota,
20,2025-02-04,2779.445556640625,2827.8173902055505,2774.608373284132,2812.8221218004237,25931800,Toyota,
21,2025-02-05,2866.5146484375,2926.495717692689,2752.357129532463,2798.79408637519,61048300,Toyota,
22,2025-02-06,2808.952392578125,2917.7890187758308,2800.7291808209648,2864.580001523619,37833500,Toyota,
23,2025-02-07,2732.524658203125,2782.831361062591,2725.2688837522405,2766.868657270645,28713500,Toyota,
24,2025-02-10,2733.4921875,2750.4223284595646,2722.3666662980004,2733.9759058131303,18868200,Toyota,
25,2025-02-12,2708.822509765625,2720.431749093192,2670.6087636457173,2713.659692818778,29015300,Toyota,
26,2025-02-13,2733.4921875,2774.6082441160856,2733.4921875,2757.1943848433907,26458600,Toyota,
27,2025-02-14,2713.176025390625,2788.1523641204426,2712.208588761853,2775.091969632023,23997400,Toyota,
28,2025-02-17,2683.185546875,2708.3388997571883,2649.3252641489767,2702.5342798612987,25063500,Toyota,
29,2025-02-18,2712.6923828125,2736.8782992070483,2667.22285999075,2675.929789892787,18272300,Toyota,
30,2025-02-19,2665.771484375,2700.5992011006397,2654.64596375431,2674.962131844266,19526100,Toyota,
31,2025-02-20,2622.23681640625,2642.069266041494,2598.534620500715,2641.5855477577074,22794100,Toyota,
32,2025-02-21,2617.883544921875,2622.720728116483,2590.79531903207,2598.5348121434427,21153300,Toyota,
33,2025-02-25,2622.23681640625,2629.4925906630465,2563.7069040680917,2563.7069040680917,20544600,Toyota,
34,2025-02-26,2636.2646484375,2640.6181129945526,2581.6044823322823,2613.529889084002,20266800,Toyota,
35,2025-02-27,2693.343505859375,2693.343505859375,2643.520520747393,2646.4228305597417,22615000,Toyota,
36,2025-02-28,2601.43701171875,2656.097179499378,2601.43701171875,2646.9065318194494,93767000,Toyota,
37,2025-03-03,2703.9853515625,2710.75740789915,2634.813633266715,2655.129802276666,24143500,Toyota,
38,2025-03-04,2663.836669921875,2686.087711653563,2636.2647269065224,2655.613458847121,25099600,Toyota,
39,2025-03-05,2756.710693359375,2781.3803275691184,2674.9622976447345,2684.6366640014967,36898700,Toyota,
40,2025-03-06,2730.58984375,2792.0220687555357,2725.752660678698,2766.868716784765,24713900,Toyota,
41,2025-03-07,2711.724853515625,2711.724853515625,2659.9669941995044,2659.9669941995044,25194200,Toyota,
42,2025-03-10,2736.878173828125,2749.4548497771407,2702.5341741211973,2721.399188044721,17383800,Toyota,
43,2025-03-11,2664.80419921875,2688.990114985847,2624.655579045369,2680.2831853096923,32542100,Toyota,
44,2025-03-12,2671.576416015625,2675.929881115053,2641.102160319629,2660.4508940948645,23961100,Toyota,
45,2025-03-13,2630.460205078125,2673.994853562316,2630.460205078125,2670.125107030388,26657300,Toyota,
46,2025-03-14,2657.064697265625,2692.859852480927,2633.8462182070502,2633.8462182070502,32732200,Toyota,
47,2025-03-17,2670.60888671875,2701.0831413579967,2660.450801839001,2660.450801839001,20673100,Toyota,
48,2025-03-18,2746.552490234375,2763.9663489255404,2706.8875898822757,2707.8550264762293,29267300,Toyota,
49,2025-03-19,2797.826904296875,2831.6871884083516,2770.7386770076937,2770.7386770076937,25594700,Toyota,
50,2025-03-21,2751.87353515625,2795.8919024790166,2745.5851969672835,2758.1618733452165,29746000,Toyota,
51,2025-03-24,2769.771240234375,2795.408312489426,2756.710844934632,2780.413043811943,17186800,Toyota,
52,2025-03-25,2788.635986328125,2864.5797590694115,2777.02674718296,2821.0451122750433,24978200,Toyota,
53,2025-03-26,2793.473388671875,2805.082628728693,2752.841048473011,2804.1151920572916,25294300,Toyota,
54,2025-03-27,2736.39453125,2736.39453125,2680.7669245514408,2689.473854295563,43353000,Toyota,
55,2025-03-28,2659.576416015625,2686.659678907841,2646.2809960503555,2683.705141137781,44617200,Toyota,
56,2025-03-31,2576.35693359375,2606.887157195205,2544.349441108354,2590.63719947185,43466800,Toyota,
57,2025-04-01,2590.63720703125,2616.243201094285,2576.8493640742313,2608.856856653025,26218100,Toyota,
58,2025-04-02,2615.750732421875,2620.674961963332,2555.182709061956,2590.637161760445,27800600,Toyota,
59,2025-04-03,2480.33447265625,2543.3646121241873,2419.274025046686,2462.607245930893,63506800,Toyota,
60,2025-04-04,2371.0166015625,2415.8270918516355,2302.0773857330605,2403.0240946261683,61167400,Toyota,
61,2025-04-07,2232.1533203125,2319.312185897171,2192.7594827601065,2215.9033623221376,72609600,Toyota,
62,2025-04-08,2391.6982421875,2428.6299630365966,2315.3726857660336,2321.7741840465437,52545600,Toyota,
63,2025-04-09,2329.653076171875,2382.342334077263,2294.691045225309,2342.456073419913,45721300,Toyota,
64,2025-04-10,2504.463134765625,2581.2811153050347,2470.4859510655015,2575.864462831102,45889700,Toyota,
65,2025-04-11,2383.3271484375,2404.0089129487346,2314.880356364605,2363.630229855372,46954000,Toyota,
66,2025-04-14,2373.478759765625,2444.3876687710713,2372.493913807216,2407.4559453307347,26268100,Toyota,
67,2025-04-15,2461.1298828125,2507.417639712135,2461.1298828125,2487.720721882503,29890700,Toyota,
68,2025-04-16,2461.1298828125,2481.8116465336134,2423.7057389361994,2459.1601910295367,24370600,Toyota,
69,2025-04-17,2460.637451171875,2482.3040607079092,2437.4935728038386,2460.637451171875,23310300,Toyota,
70,2025-04-18,2505.447998046875,2505.447998046875,2458.6678172657325,2468.023853421961,16944800,Toyota,
71,2025-04-21,2433.061767578125,2500.0312879971952,2421.736039860194,2492.1525208890694,22040800,Toyota,
72,2025-04-22,2421.736083984375,2447.342077552327,2403.024011761641,2421.243661031145,19734000,Toyota,
73,2025-04-23,2542.872314453125,2550.751082274823,2496.5845535006474,2522.190548921167,34123500,Toyota,
74,2025-04-24,2617.22802734375,2676.8112053886407,2579.3114594970016,2587.1902268417803,41886200,Toyota,
75,2025-04-25,2649.235595703125,2670.902206523002,2631.015945695501,2658.5916321935265,29523200,Toyota,
76,2025-04-28,2744.273193359375,2797.947296728507,2677.7960928563216,2683.2127454899037,54204400,Toyota,
77,2025-04-30,2687.64453125,2758.5534379007877,2687.64453125,2753.136785309408,41601700,Toyota,
78,2025-05-01,2709.311279296875,2710.7885482605047,2667.455325327367,2685.6749758788,19049400,Toyota,
79,2025-05-02,2737.87158203125,2779.235109529564,2730.977660781531,2755.598808101956,36047900,Toyota,
80,2025-05-07,2664.9931640625,2719.1596917873476,2661.0537802279655,2718.6672688080307,29981600,Toyota,
81,2025-05-08,2631.015869140625,2698.477814503205,2592.606878350251,2664.9930533013403,47881900,Toyota,
82,2025-05-09,2678.28857421875,2714.7278745482568,2644.803811753798,2708.326375841722,37497400,Toyota,
83,2025-05-12,2711.773193359375,2716.2049999219744,2677.3035867613803,2684.6899310323793,20208500,Toyota,
84,2025-05-13,2806.81103515625,2835.86399148506,2802.871651247259,2810.257996076617,35248400,Toyota,
85,2025-05-14,2707.833984375,2789.5761995789007,2689.6143339982273,2787.1140846631206,24974000,Toyota,
86,2025-05-15,2616.735595703125,2676.8111965077505,2606.8871365548257,2667.9475832742814,31659600,Toyota,
87,2025-05-16,2602.455322265625,2611.8113584289263,2558.629679184898,2601.9628993096617,23825700,Toyota,
88,2025-05-19,2624.614501953125,2654.159880961978,2581.773702390288,2602.455467696485,19721400,Toyota,
89,2025-05-20,2632.000732421875,2686.167258252821,2609.3492761652974,2683.2127204802237,25009100,Toyota,
90,2025-05-21,2622.15234375,2659.0840669014083,2621.6599207746476,2659.0840669014083,20330200,Toyota,
91,2025-05-22,2580.29638671875,2594.576652981125,2572.4176191257156,2593.099384057431,19413100,Toyota,
92,2025-05-23,2583.743408203125,2609.3494034816767,2580.788870286369,2606.887288551047,15124400,Toyota,
93,2025-05-26,2581.773681640625,2593.0994101696606,2567.985838213973,2584.235796538241,14531700,Toyota,
94,2025-05-27,2599.9931640625,2609.349200069543,2564.538711825284,2569.462941302675,14424300,Toyota,
95,2025-05-28,2591.6220703125,2639.8795209852387,2591.6220703125,2639.3870980191905,19119300,Toyota,
96,2025-05-29,2693.061279296875,2700.447624001474,2656.129555773879,2665.978015380011,30752500,Toyota,
97,2025-05-30,2727.038330078125,2727.038330078125,2621.6598175037807,2628.061315931194,57613100,Toyota,
98,2025-06-02,2650.220458984375,2700.940025553567,2645.7886521967757,2696.0157957895676,23342800,Toyota,
99,2025-06-03,2634.462890625,2643.326504088785,2614.7659718165887,2640.8643892377336,17203100,Toyota,
100,2025-06-04,2683.212646484375,2693.553528403291,2659.083922006905,2688.629298918093,25102600,Toyota,
101,2025-06-05,2610.334228515625,2653.6674509471236,2599.9933458899263,2644.311414285777,24997400,Toyota,
102,2025-06-06,2611.8115234375,2623.6296751272625,2590.144912006269,2590.6373349933424,18571200,Toyota,
103,2025-06-09,2599.9931640625,2631.508232717803,2597.038626376065,2629.5385409268465,13584200,Toyota,
104,2025-06-10,2617.22802734375,2623.1371028523345,2599.9932237770463,2612.796220712312,19556800,Toyota,
105,2025-06-11,2615.750732421875,2637.417342404285,2611.8113487887094,2629.5385751379545,16367500,Toyota,
106,2025-06-12,2576.849365234375,2607.872011901634,2568.4781748638447,2604.9174741238,22784400,Toyota,
107,2025-06-13,2516.28125,2549.766010273973,2500.5237157534248,2546.8114726027397,36054800,Toyota,
108,2025-06-16,2515.7890625,2546.8117109512623,2515.29663950871,2541.3950580470737,19281900,Toyota,
109,2025-06-17,2499.5390625,2512.342060062057,2492.1527177526596,2496.584524601064,18263000,Toyota,
110,2025-06-18,2530.069091796875,2535.9781671377787,2482.3040661245714,2486.735872630249,18221700,Toyota,
111,2025-06-19,2487.228515625,2525.6375087389874,2483.781554704514,2517.2663179320925,16444700,Toyota,
112,2025-06-20,2464.576904296875,2502.9858950131897,2464.576904296875,2472.9480945811997,80814500,Toyota,
113,2025-06-23,2455.71337890625,2462.607300563496,2426.660423350712,2462.1148775879788,18469900,Toyota,
114,2025-06-24,2452.266357421875,2497.076847085608,2437.493668521743,2490.18292559888,20203700,Toyota,
115,2025-06-25,2423.21337890625,2468.0238681321125,2407.9482671919454,2466.0541762980088,22587200,Toyota,
116,2025-06-26,2419.27392578125,2424.6905781695245,2397.1148932837623,2404.008814505203,27545800,Toyota,
117,2025-06-27,2488.70556640625,2512.8342907342885,2448.819307823166,2461.1298814599204,33017800,Toyota,
118,2025-06-30,2455.220947265625,2499.5390149057985,2452.2664094229467,2496.5844770631206,29284500,Toyota,
119,2025-07-01,2415.8271484375,2455.2209869770436,2410.410495638313,2452.2664490865777,24298200,Toyota,
120,2025-07-02,2428.1376953125,2442.910384596494,2405.978661386509,2412.8725830523726,24281200,Toyota,
121,2025-07-03,2473.440673828125,2501.5087842020457,2411.39537721209,2428.137758838639,34098600,Toyota,
122,2025-07-04,2446.849609375,2491.1676743465737,2441.4329569895854,2485.7510219611595,19876900,Toyota,
123,2025-07-07,2416.319580078125,2464.0846094784874,2404.9938514574205,2462.1149175444516,20788700,Toyota,
124,2025-07-08,2427.645263671875,2448.3270285956514,2414.349843363733,2418.7816501331135,32336400,Toyota,
125,2025-07-09,2449.80419921875,2495.1071110434987,2440.940586035647,2461.129927174937,31320400,Toyota,
126,2025-07-10,2436.016357421875,2444.8799706083705,2425.6754753709633,2441.433009924733,26257000,Toyota,
127,2025-07-11,2469.99365234375,2486.2436105828538,2439.463427773313,2463.592153643497,25922800,Toyota,
128,2025-07-14,2493.137451171875,2504.9556022341158,2470.9784179301732,2473.9329556957337,16698800,Toyota,
129,2025-07-15,2493.6298828125,2524.1601064962233,2482.304154671764,2511.3571094675654,21037000,Toyota,
130,2025-07-16,2471.470947265625,2508.895093906826,2467.0391404265356,2508.895093906826,17977300,Toyota,
131,2025-07-17,2482.30419921875,2482.30419921875,2457.683050644868,2462.114857388167,16570200,Toyota,
132,2025-07-18,2477.872314453125,2490.1828883524354,2463.099625773953,2489.690465396463,12975500,Toyota,
133,2025-07-22,2458.66796875,2480.3345801309333,2433.5543964675544,2458.66796875,22144000,Toyota,
134,2025-07-23,2811.24267578125,2860.977394690675,2596.053842480075,2619.6901445360395,184109600,Toyota,
135,2025-07-24,2801.394287109375,2853.5911221302213,2780.7125222897944,2806.8109398002175,76238500,Toyota,
136,2025-07-25,2744.765625,2787.114000269107,2726.053552206674,2773.3261571582348,36978000,Toyota,
137,2025-07-28,2762.492919921875,2775.7883403920873,2737.8717709029634,2766.432303764901,28105100,Toyota,
138,2025-07-29,2699.955078125,2741.3186065879763,2687.6445041776856,2737.8716458827284,24229100,Toyota,
139,2025-07-30,2701.9248046875,2714.727801757279,2666.470351263498,2698.4778439379443,22891900,Toyota,
140,2025-07-31,2655.636962890625,2714.727716746897,2653.174848146614,2708.3262184124674,31733900,Toyota,
141,2025-08-01,2683.212646484375,2703.401987373687,2663.0233055950634,2673.856610462499,28121900,Toyota,
142,2025-08-04,2634.462890625,2644.3113500292056,2600.485705680491,2601.9629745911216,24277700,Toyota,
143,2025-08-05,2638.40234375,2660.0689550088655,2613.7811945921985,2631.0159990026596,19623500,Toyota,
144,2025-08-06,2679.765869140625,2708.818825090514,2658.0992579237586,2664.0083337101764,24559800,Toyota,
145,2025-08-07,2639.38720703125,2699.462811370394,2615.258480698315,2681.7355838604826,55966800,Toyota,
146,2025-08-08,2730.977783203125,2762.000430217513,2645.788609655678,2658.591606836219,52683900,Toyota,
147,2025-08-12,2811.735107421875,2824.5381044083842,2748.704968411367,2759.5382735537983,41157800,Toyota,
148,2025-08-13,2831.43212890625,2881.6592727581524,2821.583669327446,2855.5608548743207,35352300,Toyota,
149,2025-08-14,2762.492919921875,2812.720063920455,2762.492919921875,2806.8109881559158,21262700,Toyota,
150,2025-08-15,2810.750244140625,2822.568395132106,2797.9472472331868,2811.7350900565816,20036900,Toyota,
151,2025-08-18,2859.0078125,2860.9775044135376,2814.689744445401,2820.5988201860146,22691000,Toyota,
152,2025-08-19,2880.67431640625,2932.871150173611,2867.378896484375,2897.4166970486112,28833900,Toyota,
153,2025-08-20,2892.492431640625,2936.8104974982443,2879.6894348373125,2895.4469693644664,22852700,Toyota,
154,2025-08-21,2859.99267578125,2892.4925925514917,2853.098754042108,2891.507746588757,15393500,Toyota,
155,2025-08-22,2898.401611328125,2898.401611328125,2854.575966848308,2881.6592302908916,17269600,Toyota,
156,2025-08-25,2895.447021484375,2964.3862362816217,2878.7046407479006,2947.6438555451477,19219100,Toyota,
157,2025-08-26,2854.575927734375,2908.7424538773425,2847.68200622527,2895.4470338240685,24050800,Toyota,
158,2025-08-27,2860.485107421875,2867.3790291818864,2833.4018433646875,2859.007838473301,15271700,Toyota,
159,2025-08-28,2874.765380859375,2880.674456667925,2843.250309880444,2857.038153433726,21577200,Toyota,
160,2025-08-29,2829.46240234375,2866.8865482849483,2822.568480723003,2860.485049637112,22056600,Toyota,
161,2025-09-01,2815.18212890625,2842.2653923468383,2801.886708671779,2828.477549140721,14369100,Toyota,
162,2025-09-02,2825.52294921875,2838.3259462002225,2800.4093782166315,2814.6896440805813,16428500,Toyota,
163,2025-09-03,2808.2880859375,2833.4016564061676,2797.947203979813,2811.735046590062,22723600,Toyota,
164,2025-09-04,2860.9775390625,2870.825998749462,2823.060969267696,2830.4473140329173,20172300,Toyota,
165,2025-09-05,2917.606201171875,2960.4470010878167,2864.9169415051424,2954.537925237342,39740400,Toyota,
166,2025-09-08,2924.992431640625,2933.856045069839,2900.8637061944314,2932.87119913326,20701300,Toyota,
167,2025-09-09,2904.310546875,2942.7195368133266,2897.4166256040185,2934.8407696464906,20893100,Toyota,
168,2025-09-10,2869.3486328125,2885.5985907467393,2852.6062519105562,2884.613744811331,21880400,Toyota,
169,2025-09-11,2842.7578125,2842.7578125,2814.6897031439457,2836.356313874935,23863900,Toyota,
170,2025-09-12,2845.219970703125,2860.4850830416153,2840.7881638951762,2853.591161340362,22253600,Toyota,
171,2025-09-16,2890.030517578125,2899.386554353382,2851.6215245007534,2856.053331394296,22117100,Toyota,
172,2025-09-17,2905.787841796875,2909.7272254156474,2874.765195799044,2885.5985007506674,18883400,Toyota,
173,2025-09-18,2895.939453125,2926.962099876722,2883.628879017174,2921.545447269278,20542800,Toyota,
174,2025-09-19,2878.70458984375,2939.7650361558653,2873.2879373483206,2912.6817736787175,39502900,Toyota,
175,2025-09-22,2919.083251953125,2929.424133918546,2875.750032288504,2878.70456999291,18457400,Toyota,
176,2025-09-24,2885.106201171875,2911.2046187622673,2876.7350106240133,2910.21977281546,21777500,Toyota,
177,2025-09-25,2916.621337890625,2921.0531447521844,2890.522919705887,2910.219839090595,19580500,Toyota,
178,2025-09-26,2924.5,2954.045378009766,2913.174271762923,2932.8711904361003,32053900,Toyota,
179,2025-09-29,2870.0,2924.0,2863.5,2920.0,24786300,Toyota,
180,2025-09-30,2849.5,2860.0,2821.5,2860.0,22116900,Toyota,
181,2025-10-01,2821.5,2833.0,2791.0,2826.5,26571700,Toyota,
182,2025-10-02,2805.0,2832.0,2787.0,2798.0,22099300,Toyota,
183,2025-10-03,2839.5,2840.0,2794.0,2806.0,14005700,Toyota,
184,2025-10-06,2974.0,3022.0,2963.5,3010.0,45597700,Toyota,
185,2025-10-07,3023.0,3035.0,2997.5,3000.0,31197700,Toyota,
186,2025-10-08,3009.0,3075.0,3000.0,3050.0,31036900,Toyota,
187,2025-10-09,2947.5,3002.0,2935.0,3000.0,28589800,Toyota,
188,2025-10-10,2898.5,2939.5,2891.0,2926.5,25255700,Toyota,
189,2025-10-14,2871.5,2898.0,2831.5,2848.5,24550500,Toyota,
190,2025-10-15,2913.5,2919.5,2888.5,2898.0,18470700,Toyota,
191,2025-10-16,2954.5,2979.5,2937.5,2964.0,19598500,Toyota,
192,2025-10-17,2933.5,2960.5,2920.0,2920.0,14316900,Toyota,
193,2025-10-20,3003.0,3003.0,2971.0,2988.5,20574600,Toyota,
194,2025-10-21,3005.0,3021.0,2988.0,3017.0,16336700,Toyota,
195,2025-10-22,3104.0,3162.0,3074.0,3075.0,49951100,Toyota,
196,2025-10-23,3091.0,3112.0,3057.0,3100.0,18085400,Toyota,
197,2025-10-24,3127.0,3136.0,3090.0,3110.0,18839800,Toyota,
198,2025-10-27,3218.0,3218.0,3165.0,3170.0,24626500,Toyota,
199,2025-10-28,3171.0,3221.0,3167.0,3220.0,19805700,Toyota,
200,2025-10-29,3146.0,3182.0,3124.0,3176.0,20640200,Toyota,
201,2025-10-30,3185.0,3190.0,3125.0,3148.0,23926200,Toyota,
202,2025-10-31,3138.0,3198.0,3121.0,3190.0,25906600,Toyota,
203,2025-11-04,3155.0,3205.0,3120.0,3150.0,26958800,Toyota,
204,2025-11-05,3040.0,3151.0,2996.0,3150.0,56932600,Toyota,
205,2025-11-06,3139.0,3182.0,3054.0,3110.0,32756900,Toyota,
206,2025-11-07,3118.0,3128.0,3077.0,3090.0,17774800,Toyota,
207,2025-11-10,3131.0,3134.0,3090.0,3133.0,19709600,Toyota,
208,2025-11-11,3147.0,3177.0,3129.0,3148.0,17570500,Toyota,
209,2025-11-12,3190.0,3214.0,3175.0,3176.0,20882100,Toyota,
210,2025-11-13,3198.0,3215.0,3180.0,3200.0,16407400,Toyota,
211,2025-11-14,3180.0,3180.0,3134.0,3155.0,17302600,Toyota,
212,2025-11-17,3119.0,3164.0,3114.0,3150.0,15668000,Toyota,
213,2025-11-18,3029.0,3114.0,3028.0,3106.0,21663600,Toyota,
214,2025-11-19,3037.0,3075.0,3019.0,3074.0,15126800,Toyota,
215,2025-11-20,3044.0,3103.0,3044.0,3095.0,17872000,Toyota,
216,2025-11-21,3097.0,3120.0,3028.0,3035.0,31305500,Toyota,
217,2025-11-25,3077.0,3150.0,3070.0,3150.0,17998000,Toyota,
218,2025-11-26,3141.0,3158.0,3090.0,3129.0,20618800,Toyota,
219,2025-11-27,3138.0,3165.0,3128.0,3155.0,11108400,Toyota,
220,2025-11-28,3133.0,3140.0,3119.0,3140.0,13070100,Toyota,
221,2025-12-01,3082.0,3133.0,3075.0,3132.0,13231700,Toyota,
222,2025-12-02,3045.0,3090.0,3042.0,3085.0,17880100,Toyota,
223,2025-12-03,3005.0,3040.0,2994.0,3030.0,16544800,Toyota,
224,2025-12-04,3103.0,3107.0,3004.0,3028.0,21589300,Toyota,
225,2025-12-05,3032.0,3067.0,3016.0,3053.0,21707900,Toyota,
226,2025-12-08,3060.0,3060.0,3021.0,3050.0,15596600,Toyota,
227,2025-12-09,3066.0,3083.0,3044.0,3076.0,15163400,Toyota,
228,2025-12-10,3116.0,3137.0,3076.0,3089.0,20327700,Toyota,
229,2025-12-11,3110.0,3160.0,3099.0,3148.0,14242200,Toyota,
230,2025-12-12,3260.0,3272.0,3168.0,3191.0,42664200,Toyota,
231,2025-12-15,3350.0,3358.0,3242.0,3243.0,31427000,Toyota,
232,2025-12-16,3330.0,3394.0,3329.0,3380.0,28736000,Toyota,
233,2025-12-17,3349.0,3356.0,3312.0,3346.0,20872500,Toyota,
234,2025-12-18,3363.0,3384.0,3342.0,3350.0,19193200,Toyota,
235,2025-12-19,3424.0,3439.0,3388.0,3389.0,37972600,Toyota,
236,2025-12-22,3455.0,3495.0,3437.0,3494.0,17099900,Toyota,
237,2025-12-23,3415.0,3479.0,3410.0,3479.0,17000600,Toyota,
238,2025-12-24,3353.0,3420.0,3353.0,3418.0,12845800,Toyota,
239,2025-12-25,3374.0,3383.0,3358.0,3377.0,7132300,Toyota,
240,2025-12-26,3380.0,3397.0,3369.0,3377.0,10705500,Toyota,
241,2025-12-29,3364.0,3386.0,3352.0,3386.0,12099700,Toyota,
242,2025-12-30,3356.0,3387.0,3353.0,3370.0,12175900,Toyota,
243,2026-01-05,3399.0,3455.0,3397.0,3411.0,18505900,Toyota,
244,2026-01-06,3429.0,3504.0,3423.0,3488.0,21996200,Toyota,
245,2026-01-07,3335.0,3360.0,3326.0,3350.0,21592100,Toyota,
246,2026-01-08,3294.0,3328.0,3286.0,3301.0,18107700,Toyota,
247,2026-01-09,3388.0,3404.0,3321.0,3322.0,24104300,Toyota,
248,2026-01-13,3641.0,3641.0,3499.0,3500.0,50179500,Toyota,
249,2026-01-14,3622.0,3645.0,3562.0,3620.0,26474500,Toyota,
250,2026-01-15,3714.0,3764.0,3635.0,3639.0,35684100,Toyota,
251,2026-01-16,3670.0,3742.0,3660.0,3675.0,20254500,Toyota,
252,2026-01-19,3623.0,3623.0,3565.0,3600.0,17580700,Toyota,
253,2026-01-20,3541.0,3594.0,3528.0,3590.0,20386000,Toyota,
254,2026-01-21,3552.0,3559.0,3491.0,3506.0,16952900,Toyota,
255,2026-01-22,3584.0,3639.0,3570.0,3630.0,17423300,Toyota,
256,2026-01-23,3624.0,3651.0,3587.0,3635.0,21187900,Toyota,
257,2026-01-26,3477.0,3521.0,3460.0,3500.0,28379900,Toyota,
258,2026-01-27,3459.0,3498.0,3436.0,3496.0,18214200,Toyota,
259,2026-01-28,3347.0,3381.0,3341.0,3368.0,23115000,Toyota,
260,2026-01-29,3448.0,3470.0,3346.0,3369.0,24456700,Toyota,
261,2026-01-30,3504.0,3530.0,3452.0,3456.0,23842000,Toyota,
262,2026-02-02,3535.0,3627.0,3516.0,3600.0,22997000,Toyota,
263,2026-02-03,3594.0,3622.0,3573.0,3621.0,20936000,Toyota,
264,2026-02-04,3725.0,3743.0,3629.0,3656.0,28520900,Toyota,
265,2026-02-05,3706.0,3813.0,3694.0,3800.0,32411800,Toyota,
266,2026-02-06,3780.0,3793.0,3637.0,3669.0,42812900,Toyota,
0,2025-01-06,18469.57421875,18582.52295765754,18346.803850372242,18499.03910716066,1182900,Daikin,
1,2025-01-07,18783.865234375,18886.99233762255,18302.60541921977,18631.629986723856,1189000,Daikin,
2,2025-01-08,18435.19921875,18710.204854405303,18410.64514413792,18670.918335025974,938100,Daikin,
3,2025-01-09,18111.083984375,18322.24900913859,17944.11629037588,18268.230049315345,697000,Daikin,
4,2025-01-10,18057.064453125,18170.013183726544,17988.31305188928,18066.88608187296,856100,Daikin,
5,2025-01-14,17890.09765625,18243.676308802842,17860.632768537263,18052.154538670053,998300,Daikin,
6,2025-01-15,17939.20703125,18125.817999546605,17845.901547101697,18061.977405129346,657900,Daikin,
7,2025-01-16,17909.7421875,18199.480270599124,17885.188112661093,18057.066636533455,625400,Daikin,
8,2025-01-17,18081.619140625,18170.01380236624,17914.651446224878,18115.99484241326,692800,Daikin,
9,2025-01-20,18395.912109375,18474.485145613653,18179.8362597187,18228.944407367857,502300,Daikin,
10,2025-01-21,18386.08984375,18499.03857943543,18228.943776709402,18494.12776484041,386100,Daikin,
11,2025-01-22,18513.771484375,18553.05800211373,18356.625413420094,18356.625413420094,809100,Daikin,
12,2025-01-23,18533.4140625,18680.738498608906,18469.573473519475,18641.451982313196,588900,Daikin,
13,2025-01-24,18548.146484375,18783.865581873015,18548.146484375,18744.579065623344,519100,Daikin,
14,2025-01-27,18739.66796875,19083.42498075537,18729.84633983556,18808.419371151074,730000,Daikin,
15,2025-01-28,18636.541015625,18990.119659399705,18548.146354681325,18597.254499650033,653900,Daikin,
16,2025-01-29,18528.50390625,18631.631015190167,18430.287612021268,18562.879609230054,676700,Daikin,
17,2025-01-30,18017.779296875,18381.17958795397,17983.40359366483,18317.338996277937,950400,Daikin,
18,2025-01-31,18042.33203125,18096.350989427396,17939.204929274973,17983.40225869284,633700,Daikin,
19,2025-02-03,17457.9453125,17934.294312587906,17364.63983825598,17875.364539381153,1245400,Daikin,
20,2025-02-04,17708.3984375,17895.00940273156,17561.07399126456,17767.328215994177,855400,Daikin,
21,2025-02-05,17443.21484375,17816.43678297438,17359.730988923493,17757.507003096845,1031000,Daikin,
22,2025-02-06,16451.228515625,16834.27204524254,16436.49607217817,16691.85842525653,2588800,Daikin,
23,2025-02-07,16068.185546875,16402.120943325946,15989.612512415953,16313.72627955952,1902700,Daikin,
24,2025-02-10,16087.8291015625,16195.867025931968,15974.880362448966,16068.185842586234,1051500,Daikin,
25,2025-02-12,15906.1279296875,16019.076661513005,15778.446754580405,16009.255032658613,1215900,Daikin,
26,2025-02-13,16264.6171875,16323.54695991848,16009.254840353262,16097.64949898098,888700,Daikin,
27,2025-02-14,16171.3115234375,16333.368395673588,16078.006051543995,16230.241295159713,1016700,Daikin,
28,2025-02-17,16019.0771484375,16156.579956578595,15876.663525719938,15989.612260978694,589000,Daikin,
29,2025-02-18,15842.2880859375,16043.631486905708,15842.2880859375,15911.039491146157,766500,Daikin,
30,2025-02-19,15699.8740234375,15729.338910563125,15508.352257120932,15714.606467000312,1256400,Daikin,
31,2025-02-20,15665.498046875,15675.319675744513,15478.887098354231,15537.816871571316,907800,Daikin,
32,2025-02-21,15685.142578125,15729.339911626292,15503.442429286357,15626.212800123278,788700,Daikin,
33,2025-02-25,15891.3955078125,15974.879353187287,15636.033157254325,15714.606188195303,1144500,Daikin,
34,2025-02-26,15655.6767578125,15871.752597631745,15596.746983316343,15847.198524925012,953400,Daikin,
35,2025-02-27,15807.912109375,15827.555367665618,15631.122784759436,15631.122784759436,829900,Daikin,
36,2025-02-28,15419.9580078125,15729.339330899184,15302.098456160431,15714.606886942676,1726100,Daikin,
37,2025-03-03,15694.9638671875,15704.78549664131,15449.423130842264,15611.48001683012,848900,Daikin,
38,2025-03-04,15984.701171875,16048.541760272657,15660.587415394584,15724.428003792242,1592400,Daikin,
39,2025-03-05,16205.6884765625,16298.993955669981,15886.485521721117,16058.364035866478,1297400,Daikin,
40,2025-03-06,16637.83984375,16721.323691844376,16470.872147561244,16490.515405936392,2061700,Daikin,
41,2025-03-07,16667.3046875,16672.21550208088,16416.85314387522,16578.910025044195,903300,Daikin,
42,2025-03-10,16726.234375,16755.69926233118,16465.961203574574,16755.69926233118,784400,Daikin,
43,2025-03-11,16873.560546875,17305.71227217331,16677.127944466676,17124.012114945614,2037100,Daikin,
44,2025-03-12,16922.66796875,16937.400413296215,16559.267669943412,16932.489598447475,992200,Daikin,
45,2025-03-13,16480.693359375,16991.418064194724,16465.960915966738,16961.953177378204,1187300,Daikin,
46,2025-03-14,16328.4580078125,16544.533843103854,16195.866017974624,16416.852667704417,1409100,Daikin,
47,2025-03-17,16416.853515625,16564.177956387415,16397.210256856677,16426.67514500916,665800,Daikin,
48,2025-03-18,16878.470703125,16927.578851810264,16618.197515093103,16677.12729351542,836000,Daikin,
49,2025-03-19,16711.501953125,16888.291277342603,16701.680324001798,16745.8776550562,858000,Daikin,
50,2025-03-21,16799.896484375,16888.291145795272,16657.482863197896,16696.769379384685,1079000,Daikin,
51,2025-03-24,16603.462890625,16849.003601814366,16549.44393416334,16849.003601814366,482400,Daikin,
52,2025-03-25,16898.11328125,16917.75653993207,16706.591509099828,16785.164543828105,722700,Daikin,
53,2025-03-26,16878.470703125,17138.743891156893,16839.18418417679,17089.63574247163,836700,Daikin,
54,2025-03-27,16814.62890625,16863.73705142012,16662.39365622262,16849.004607869087,954500,Daikin,
55,2025-03-28,16646.236328125,16770.05540227053,16557.08659474022,16651.189091090822,884700,Daikin,
56,2025-03-31,15987.5185546875,16230.203935474268,15987.5185546875,16150.959729503078,1320200,Daikin,
57,2025-04-01,15848.8408203125,16096.478958129883,15848.8408203125,15967.707126464844,974400,Daikin,
58,2025-04-02,15858.74609375,16022.18726211157,15739.879789487039,15933.03753391435,850700,Daikin,
59,2025-04-03,15670.541015625,15710.163116802307,15353.564206206542,15353.564206206542,1442500,Daikin,
60,2025-04-04,15848.8408203125,15918.179498901367,15546.722292175293,15650.730310058594,1659100,Daikin,
61,2025-04-07,15016.7763671875,15616.060648331855,14793.902047753647,15056.398468420184,2565000,Daikin,
62,2025-04-08,15492.2421875,15729.97480418798,15279.273385050352,15412.99798193734,1253400,Daikin,
63,2025-04-09,15155.4541015625,15452.619868259804,14798.855181525736,15343.65908713746,1588300,Daikin,
64,2025-04-10,16190.5810546875,16334.21117111024,15873.604246030418,16334.21117111024,1337000,Daikin,
65,2025-04-11,15665.5888671875,15720.069258442341,15086.115614749644,15308.989942610358,1910800,Daikin,
66,2025-04-14,15700.2578125,16017.234626380126,15675.493998915616,15952.848711060726,821700,Daikin,
67,2025-04-15,15670.541015625,15868.651521511536,15630.918914447693,15848.840470922882,799400,Daikin,
68,2025-04-16,15700.2578125,15700.2578125,15546.722168276814,15650.730185331231,511300,Daikin,
69,2025-04-17,16170.7705078125,16205.439847339205,15749.785670702528,15873.604740440755,891600,Daikin,
70,2025-04-18,16111.3369140625,16136.100727333423,15937.99022116604,16012.281660978808,473200,Daikin,
71,2025-04-21,15848.8408203125,16051.904093322753,15759.691090698241,16046.951330566406,596500,Daikin,
72,2025-04-22,15754.73828125,15843.888010600047,15645.777500933276,15814.171434150032,676000,Daikin,
73,2025-04-23,16041.998046875,16160.864349167374,15942.942794964689,16150.958823976343,872200,Daikin,
74,2025-04-24,15833.982421875,15987.518066253519,15804.265845543674,15947.895964478417,1014900,Daikin,
75,2025-04-25,15873.6044921875,15962.754221004778,15829.02962777886,15848.840678627144,838300,Daikin,
76,2025-04-28,15967.70703125,16106.384387600807,15923.13216670867,16027.140183971775,531600,Daikin,
77,2025-04-30,16141.0537109375,16195.534100879297,16046.951219219854,16121.242660049575,870200,Daikin,
78,2025-05-01,16294.58984375,16354.022998195289,15977.613020041794,16210.392874952508,810900,Daikin,
79,2025-05-02,17096.9375,17181.13446914832,16492.700427288528,16532.32253041715,1831100,Daikin,
80,2025-05-07,16740.337890625,17111.795092340053,16700.71578910873,17111.795092340053,1448900,Daikin,
81,2025-05-08,16750.244140625,16794.81900675913,16527.369809954354,16730.43308900983,860400,Daikin,
82,2025-05-09,15848.8408203125,16250.01460357666,15824.07700653076,16245.061840820312,3099300,Daikin,
83,2025-05-12,15997.423828125,16041.998693280766,15838.935418682277,16007.329353715171,1007800,Daikin,
84,2025-05-13,16586.802734375,16715.57456808469,16215.345521750894,16245.062098760824,1706000,Daikin,
85,2025-05-14,16150.958984375,16477.84131892537,16012.281630323328,16477.84131892537,1040100,Daikin,
86,2025-05-15,15952.8486328125,16096.47875089743,15952.8486328125,16096.47875089743,665900,Daikin,
87,2025-05-16,15878.5576171875,15997.423924989278,15829.029988936758,15952.84905956361,901900,Daikin,
88,2025-05-19,15789.4072265625,15928.084579869823,15789.4072265625,15848.840377979925,771400,Daikin,
89,2025-05-20,15725.021484375,15883.509889886811,15690.35214566929,15749.78529773622,937700,Daikin,
90,2025-05-21,15715.1162109375,15923.132246506166,15715.1162109375,15819.124228721834,908400,Daikin,
91,2025-05-22,15630.9189453125,15670.541046568045,15323.847660582027,15412.997388407002,1077200,Daikin,
92,2025-05-23,15670.541015625,15729.974167390961,15621.013389153366,15650.729965036346,773600,Daikin,
93,2025-05-26,15858.74609375,15863.698856427623,15670.541112000312,15715.115976098921,695100,Daikin,
94,2025-05-27,15992.470703125,15992.470703125,15819.124009223056,15858.746110686357,699700,Daikin,
95,2025-05-28,15992.470703125,16210.392261173158,15992.470703125,16126.195295563643,886000,Daikin,
96,2025-05-29,16294.58984375,16314.400895231764,16027.1406487462,16027.1406487462,899800,Daikin,
97,2025-05-30,16428.314453125,16428.314453125,16200.487360920071,16240.109463912233,2123900,Daikin,
98,2025-06-02,16091.5263671875,16279.731353938232,15992.471111002906,16101.43189280596,770800,Daikin,
99,2025-06-03,16269.8251953125,16354.022159793569,16081.620215884226,16146.006129899162,686700,Daikin,
100,2025-06-04,16398.59765625,16482.79462398067,16284.68411167321,16413.45594467306,826500,Daikin,
101,2025-06-05,16220.2978515625,16289.636529401241,16081.62049588502,16155.911936426526,709500,Daikin,
102,2025-06-06,16126.1953125,16304.494769272113,16086.573210995086,16235.156091638513,617600,Daikin,
103,2025-06-09,16155.912109375,16358.97538236224,16155.912109375,16269.825652758085,779900,Daikin,
104,2025-06-10,16413.455078125,16542.226904326344,16349.06916502433,16413.455078125,971100,Daikin,
105,2025-06-11,16334.2119140625,16517.4641399025,16259.920471154392,16413.456119831146,738400,Daikin,
106,2025-06-12,16329.2587890625,16354.022602816007,16190.58143204286,16284.683924306186,673800,Daikin,
107,2025-06-13,16428.314453125,16472.889318991183,16245.062226786253,16472.889318991183,1386400,Daikin,
108,2025-06-16,16121.2421875,16616.518445180493,16091.52561203917,16507.557668490783,1031800,Daikin,
109,2025-06-17,15947.8955078125,16155.91153617527,15833.981968470982,16111.336672954678,998200,Daikin,
110,2025-06-18,16066.7626953125,16091.526509577778,15829.03007836583,15848.841129778051,639600,Daikin,
111,2025-06-19,15903.3212890625,15962.754442431777,15824.07708457013,15947.896154089458,555400,Daikin,
112,2025-06-20,15908.2734375,15972.659351163606,15843.887523836394,15903.320674910492,971000,Daikin,
113,2025-06-23,16175.72265625,16175.72265625,15809.218223744641,15878.556900164573,742100,Daikin,
114,2025-06-24,16269.8251953125,16448.124649507707,16146.006129899162,16254.966907462898,794900,Daikin,
115,2025-06-25,16250.0146484375,16512.51107524859,16215.345309047356,16502.605549708547,799300,Daikin,
116,2025-06-26,16061.8095703125,16155.91206239882,15987.518129191722,16096.478909502197,874000,Daikin,
117,2025-06-27,16190.5810546875,16329.258408474974,16150.958953605365,16309.447357933906,871400,Daikin,
118,2025-06-30,16864.15625,16963.211499632893,16527.368401248164,16596.70707599119,2132500,Daikin,
119,2025-07-01,16671.0,17116.748663101604,16591.75579322638,16997.88235294118,1088400,Daikin,
120,2025-07-02,17438.677734375,17503.063650463293,16710.6216062997,16775.007522387994,2239800,Daikin,
121,2025-07-03,17448.583984375,17616.977925751315,17324.764909833593,17562.497532953093,2023600,Daikin,
122,2025-07-04,17735.84375,17795.276904146885,17428.77245357442,17512.969421949176,1646000,Daikin,
123,2025-07-07,17740.796875,17884.427000453656,17602.11951249302,17829.9466080402,1396600,Daikin,
124,2025-07-08,17988.43359375,18305.410397164094,17884.425580129748,18037.96121928345,1841600,Daikin,
125,2025-07-09,17924.048828125,18275.69499192629,17829.946333586628,18127.11210581307,1087000,Daikin,
126,2025-07-10,17938.90625,17943.859012631143,17661.55154265599,17711.079168967422,1199800,Daikin,
127,2025-07-11,18914.6015625,18954.223665799294,18033.00976409073,18320.270013010606,2347400,Daikin,
128,2025-07-14,18701.6328125,19008.70411397643,18503.522295418432,18914.601618362685,1324300,Daikin,
129,2025-07-15,18216.26171875,18701.632476889616,18146.923039015768,18691.726951213295,1517900,Daikin,
130,2025-07-16,18037.9609375,18275.693536346786,17958.716737884402,18216.26038663509,1041900,Daikin,
131,2025-07-17,17879.47265625,17948.81133137119,17735.842543498962,17815.086743637465,946500,Daikin,
132,2025-07-18,17894.33203125,18097.395306445476,17834.89887753425,18077.584255206893,722400,Daikin,
133,2025-07-22,18132.064453125,18285.600098589865,17983.481570417065,18008.24538420172,1087600,Daikin,
134,2025-07-23,18820.498046875,18894.78948653372,18518.379525596218,18671.915167557567,2017400,Daikin,
135,2025-07-24,19449.5,19533.69696969697,19008.70409982175,19018.60962566845,2305300,Daikin,
136,2025-07-25,18993.845703125,19315.77529131356,18939.365311277706,19310.82252841835,1142200,Daikin,
137,2025-07-28,19063.18359375,19221.6719998295,19033.46701761009,19112.711220649842,764400,Daikin,
138,2025-07-29,19018.609375,19018.609375,18795.73504638672,18924.506880696616,617800,Daikin,
139,2025-07-30,18671.916015625,18884.88481898624,18572.86075824768,18820.498901690982,1016800,Daikin,
140,2025-07-31,18449.041015625,18676.868099307885,18340.080236472317,18657.05704855285,1114600,Daikin,
141,2025-08-01,18622.388671875,18795.735374937667,18404.467102310504,18632.294197764295,908000,Daikin,
142,2025-08-04,18434.18359375,18523.333326336648,18166.73439599006,18325.222809477433,920700,Daikin,
143,2025-08-05,18345.033203125,18508.4743736712,18196.450320810272,18434.182932513835,993900,Daikin,
144,2025-08-06,18899.7421875,19201.860707792846,18548.09604092964,18741.25378341195,2620400,Daikin,
145,2025-08-07,19380.16015625,19454.451595642728,18939.364282519804,18978.98638352926,1603800,Daikin,
146,2025-08-08,19860.578125,19890.29470074813,19385.112913029927,19489.12092814838,2341600,Daikin,
147,2025-08-12,19801.14453125,19994.30226929871,19756.569668623375,19860.577681418836,1249200,Daikin,
148,2025-08-13,19900.201171875,20019.06748051736,19726.85447177156,19835.815254693724,1193700,Daikin,
149,2025-08-14,19617.892578125,19944.77490838409,19578.270477487535,19944.77490838409,1062900,Daikin,
150,2025-08-15,19662.46875,19756.57124527708,19538.649677267003,19617.893883816123,841100,Daikin,
151,2025-08-18,19672.373046875,19964.586040270173,19622.84542087582,19811.05039967271,718900,Daikin,
152,2025-08-19,19553.5078125,19672.374121390578,19404.92492638678,19662.468595649698,622000,Daikin,
153,2025-08-20,19771.4296875,19974.49296835859,19543.602591902556,19811.051791082165,1083300,Daikin,
154,2025-08-21,19756.5703125,19865.531091360615,19647.609533639385,19801.145176579343,771500,Daikin,
155,2025-08-22,19295.962890625,19662.4673192457,19261.293552782503,19652.561794147845,793900,Daikin,
156,2025-08-25,19617.892578125,19682.27849166088,19479.215225893873,19603.03429038595,769300,Daikin,
157,2025-08-26,19182.05078125,19553.508000096823,18993.84579036761,19513.885896753163,1196100,Daikin,
158,2025-08-27,18860.12109375,19142.42857860918,18810.593464827336,19127.57028993238,736100,Daikin,
159,2025-08-28,18572.859375,18795.7336875,18538.1900375,18766.017112499998,951000,Daikin,
160,2025-08-29,18424.27734375,18533.23812373992,18389.6080046623,18513.427072832663,1065700,Daikin,
161,2025-09-01,18255.8828125,18518.37922841495,18141.969273518043,18399.512926868556,839200,Daikin,
162,2025-09-02,18028.056640625,18250.930967226133,17929.00138435783,18127.11189689217,842100,Daikin,
163,2025-09-03,17711.080078125,17933.954407967176,17701.174552354238,17929.001645081797,941000,Daikin,
164,2025-09-04,18028.056640625,18092.44255719866,17681.363243689906,17730.89087182349,1150200,Daikin,
165,2025-09-05,18245.978515625,18310.364433296858,18127.112206076956,18141.97049477046,864800,Daikin,
166,2025-09-08,18488.6640625,18572.861032514065,18374.750514833915,18513.42787721002,850900,Daikin,
167,2025-09-09,18359.890625,18627.339800546262,18270.740899817913,18597.623225485568,805500,Daikin,
168,2025-09-10,17963.669921875,18260.83567740643,17770.51218077957,18221.213576668906,1417600,Daikin,
169,2025-09-11,17938.90625,18033.008739991717,17849.756522639425,17929.000724737714,619100,Daikin,
170,2025-09-12,17552.591796875,17983.482171121086,17448.583775505256,17948.812830664505,1953000,Daikin,
171,2025-09-16,17478.298828125,17711.078665167188,17295.046615985408,17384.196340810075,1232200,Daikin,
172,2025-09-17,17498.111328125,17498.111328125,17225.70936858725,17290.09528629617,819000,Daikin,
173,2025-09-18,17483.251953125,17527.82681646158,17339.621837929353,17389.14946385889,1000200,Daikin,
174,2025-09-19,17215.802734375,17646.693078992554,17126.6530079024,17567.44887768358,1308600,Daikin,
175,2025-09-22,17077.125,17329.71588602088,17052.361187645012,17186.08577436195,750700,Daikin,
176,2025-09-24,17017.693359375,17017.693359375,16755.196925135515,16992.929544824106,1442900,Daikin,
177,2025-09-25,17091.984375,17181.134105150682,17007.787407635467,17126.653714503045,1028200,Daikin,
178,2025-09-26,17300.0,17413.913541368453,17042.456341253936,17087.031205267678,1141800,Daikin,
179,2025-09-29,17115.0,17470.0,17060.0,17410.0,1050000,Daikin,
180,2025-09-30,17080.0,17140.0,17005.0,17040.0,1012600,Daikin,
181,2025-10-01,17420.0,17465.0,17115.0,17115.0,1234100,Daikin,
182,2025-10-02,17115.0,17565.0,17115.0,17375.0,974600,Daikin,
183,2025-10-03,17455.0,17455.0,17065.0,17110.0,768200,Daikin,
184,2025-10-06,18025.0,18435.0,17845.0,18400.0,1806700,Daikin,
185,2025-10-07,17870.0,18060.0,17870.0,18050.0,922200,Daikin,
186,2025-10-08,17650.0,17880.0,17580.0,17865.0,879900,Daikin,
187,2025-10-09,17810.0,17875.0,17580.0,17630.0,856900,Daikin,
188,2025-10-10,17545.0,17860.0,17545.0,17860.0,1103800,Daikin,
189,2025-10-14,17280.0,17425.0,17100.0,17215.0,1239000,Daikin,
190,2025-10-15,17630.0,17710.0,17390.0,17500.0,991300,Daikin,
191,2025-10-16,17815.0,17905.0,17645.0,17815.0,857600,Daikin,
192,2025-10-17,17830.0,18045.0,17755.0,17810.0,747300,Daikin,
193,2025-10-20,17990.0,18170.0,17890.0,17960.0,977400,Daikin,
194,2025-10-21,18300.0,18350.0,18075.0,18170.0,848400,Daikin,
195,2025-10-22,18450.0,18510.0,18230.0,18250.0,872700,Daikin,
196,2025-10-23,18030.0,18260.0,17715.0,18235.0,1322000,Daikin,
197,2025-10-24,18330.0,18595.0,18315.0,18400.0,926000,Daikin,
198,2025-10-27,18690.0,18925.0,18590.0,18645.0,1074200,Daikin,
199,2025-10-28,18570.0,18860.0,18505.0,18815.0,960100,Daikin,
200,2025-10-29,18035.0,18505.0,18035.0,18410.0,1135700,Daikin,
201,2025-10-30,18000.0,18090.0,17930.0,18035.0,1007800,Daikin,
202,2025-10-31,17975.0,18200.0,17925.0,18185.0,769000,Daikin,
203,2025-11-04,18070.0,18275.0,17890.0,17900.0,1109500,Daikin,
204,2025-11-05,17900.0,18305.0,17750.0,18120.0,1512400,Daikin,
205,2025-11-06,19295.0,19575.0,18440.0,18790.0,3093800,Daikin,
206,2025-11-07,19775.0,19850.0,19335.0,19385.0,2008400,Daikin,
207,2025-11-10,19710.0,19790.0,19455.0,19700.0,875700,Daikin,
208,2025-11-11,19740.0,19780.0,19530.0,19730.0,658500,Daikin,
209,2025-11-12,20190.0,20245.0,19790.0,19975.0,1168400,Daikin,
210,2025-11-13,20770.0,20840.0,20135.0,20200.0,1434800,Daikin,
211,2025-11-14,20595.0,20910.0,20220.0,20770.0,1299800,Daikin,
212,2025-11-17,19935.0,20420.0,19725.0,20230.0,1022500,Daikin,
213,2025-11-18,19190.0,19810.0,19190.0,19740.0,939900,Daikin,
214,2025-11-19,19145.0,19430.0,19115.0,19170.0,985700,Daikin,
215,2025-11-20,19610.0,19760.0,19425.0,19540.0,831600,Daikin,
216,2025-11-21,19560.0,19655.0,19250.0,19345.0,1542000,Daikin,
217,2025-11-25,19730.0,20020.0,19620.0,19820.0,1128300,Daikin,
218,2025-11-26,20095.0,20245.0,19850.0,20025.0,836600,Daikin,
219,2025-11-27,20305.0,20485.0,20105.0,20360.0,802100,Daikin,
220,2025-11-28,20285.0,20460.0,20190.0,20310.0,916100,Daikin,
221,2025-12-01,19945.0,20300.0,19820.0,20085.0,679500,Daikin,
222,2025-12-02,19770.0,20030.0,19750.0,20000.0,640000,Daikin,
223,2025-12-03,19770.0,19885.0,19655.0,19735.0,643700,Daikin,
224,2025-12-04,20250.0,20250.0,19715.0,19795.0,753900,Daikin,
225,2025-12-05,19710.0,20185.0,19710.0,20000.0,803800,Daikin,
226,2025-12-08,19760.0,19760.0,19570.0,19640.0,533900,Daikin,
227,2025-12-09,19500.0,19795.0,19360.0,19655.0,567500,Daikin,
228,2025-12-10,19450.0,19600.0,19320.0,19330.0,531200,Daikin,
229,2025-12-11,19615.0,19975.0,19510.0,19830.0,823900,Daikin,
230,2025-12-12,20000.0,20000.0,19615.0,19870.0,813800,Daikin,
231,2025-12-15,19525.0,19745.0,19480.0,19665.0,467300,Daikin,
232,2025-12-16,19695.0,19810.0,19375.0,19525.0,838100,Daikin,
233,2025-12-17,19550.0,19905.0,19340.0,19890.0,880000,Daikin,
234,2025-12-18,19635.0,19645.0,19375.0,19480.0,685400,Daikin,
235,2025-12-19,19585.0,19895.0,19425.0,19895.0,972200,Daikin,
236,2025-12-22,20220.0,20340.0,19915.0,20095.0,973700,Daikin,
237,2025-12-23,20350.0,20400.0,20200.0,20300.0,556900,Daikin,
238,2025-12-24,20155.0,20315.0,20110.0,20190.0,601700,Daikin,
239,2025-12-25,20265.0,20275.0,20125.0,20155.0,213400,Daikin,
240,2025-12-26,20300.0,20445.0,20145.0,20390.0,598000,Daikin,
241,2025-12-29,19890.0,20165.0,19805.0,20125.0,630500,Daikin,
242,2025-12-30,20080.0,20080.0,19875.0,19890.0,463600,Daikin,
243,2026-01-05,20250.0,20530.0,20210.0,20350.0,830600,Daikin,
244,2026-01-06,20315.0,20495.0,20240.0,20450.0,753600,Daikin,
245,2026-01-07,19620.0,20050.0,19515.0,19890.0,1857700,Daikin,
246,2026-01-08,19130.0,19580.0,19085.0,19400.0,1562100,Daikin,
247,2026-01-09,19330.0,19520.0,19130.0,19295.0,1471400,Daikin,
248,2026-01-13,19755.0,19825.0,19505.0,19660.0,1587600,Daikin,
249,2026-01-14,19700.0,20080.0,19700.0,19965.0,1107300,Daikin,
250,2026-01-15,19750.0,19895.0,19475.0,19700.0,921900,Daikin,
251,2026-01-16,20025.0,20090.0,19680.0,19730.0,1062100,Daikin,
252,2026-01-19,19865.0,19900.0,19580.0,19875.0,727600,Daikin,
253,2026-01-20,19720.0,19755.0,19620.0,19625.0,740600,Daikin,
254,2026-01-21,19650.0,19695.0,19205.0,19320.0,1057800,Daikin,
255,2026-01-22,19535.0,20320.0,19500.0,19985.0,1756000,Daikin,
256,2026-01-23,19755.0,19865.0,19510.0,19855.0,1022100,Daikin,
257,2026-01-26,19325.0,19430.0,19215.0,19390.0,995900,Daikin,
258,2026-01-27,19020.0,19250.0,18985.0,19205.0,989700,Daikin,
259,2026-01-28,18450.0,18980.0,18450.0,18905.0,1307000,Daikin,
260,2026-01-29,18305.0,18445.0,18140.0,18390.0,1368800,Daikin,
261,2026-01-30,18585.0,18595.0,18275.0,18360.0,1132500,Daikin,
262,2026-02-02,19000.0,19215.0,18805.0,18970.0,1272600,Daikin,
263,2026-02-03,19580.0,19580.0,19020.0,19115.0,1251900,Daikin,
264,2026-02-04,19375.0,19575.0,19175.0,19395.0,1271300,Daikin,
265,2026-02-05,17935.0,18390.0,17740.0,17860.0,3566900,Daikin,
266,2026-02-06,18010.0,18045.0,17380.0,17550.0,1980600,Daikin,
0,2025-01-06,2504.575927734375,2550.5181391911747,2493.453076539571,2549.5509347394527,11504100,Mitsubishi Corp,
1,2025-01-07,2489.100830078125,2512.3137385381506,2470.240341954355,2486.6828187802057,10711800,Mitsubishi Corp,
2,2025-01-08,2454.764892578125,2481.846617161335,2444.609245859421,2471.207368217931,12094200,Mitsubishi Corp,
3,2025-01-09,2401.56884765625,2453.7978922689917,2401.56884765625,2451.8634832092607,14280900,Mitsubishi Corp,
4,2025-01-10,2397.21630859375,2422.3636251252965,2389.962274978881,2411.724375823488,10076700,Mitsubishi Corp,
5,2025-01-14,2425.748779296875,2428.65039266924,2393.347429972136,2410.2735079775966,11955800,Mitsubishi Corp,
6,2025-01-15,2414.142333984375,2452.3469101832466,2402.535880455604,2448.4780923403227,8695000,Mitsubishi Corp,
7,2025-01-16,2407.3720703125,2427.1997631374925,2393.8312069198223,2417.0441155929843,8768400,Mitsubishi Corp,
8,2025-01-17,2374.00341796875,2403.5031548797488,2362.88056634657,2398.667132435323,11547700,Mitsubishi Corp,
9,2025-01-20,2398.667236328125,2409.7900884320657,2380.290350243353,2384.159168366463,7771300,Mitsubishi Corp,
10,2025-01-21,2380.773681640625,2401.56857668644,2374.9704551162117,2396.2489523723943,7302700,Mitsubishi Corp,
11,2025-01-22,2371.58544921875,2396.24916412702,2370.13464245944,2390.9295393428833,8094700,Mitsubishi Corp,
12,2025-01-23,2375.937744140625,2393.3474243337987,2363.847688450921,2391.8966176510344,9736800,Mitsubishi Corp,
13,2025-01-24,2388.02783203125,2420.912783950676,2379.8065940513934,2401.5686945863076,8550500,Mitsubishi Corp,
14,2025-01-27,2404.470458984375,2422.363742770059,2397.2164250172054,2410.7572884225883,6899700,Mitsubishi Corp,
15,2025-01-28,2397.21630859375,2414.142387028445,2383.675445845994,2404.470342208619,7779500,Mitsubishi Corp,
16,2025-01-29,2393.34765625,2417.5277699724693,2389.9624403288544,2417.5277699724693,6343300,Mitsubishi Corp,
17,2025-01-30,2410.757080078125,2411.7242845234923,2387.5441733893085,2393.8310022841965,6932200,Mitsubishi Corp,
18,2025-01-31,2407.85546875,2412.6914909808697,2388.5113798265215,2409.306275419261,7795900,Mitsubishi Corp,
19,2025-02-03,2374.970458984375,2383.1916965740174,2354.175563904691,2379.322878884774,13582800,Mitsubishi Corp,
20,2025-02-04,2404.953857421875,2414.142299668208,2377.3885306828747,2414.142299668208,10211500,Mitsubishi Corp,
21,2025-02-05,2415.109619140625,2430.5848910293917,2397.6999382657627,2417.527630373245,10439600,Mitsubishi Corp,
22,2025-02-06,2437.35546875,2493.4533327132935,2372.069161551339,2415.109764074901,30399600,Mitsubishi Corp,
23,2025-02-07,2438.80615234375,2475.076321176941,2418.978460048272,2456.699435634791,15081900,Mitsubishi Corp,
24,2025-02-10,2377.388427734375,2435.4206920403403,2377.388427734375,2435.4206920403403,11926200,Mitsubishi Corp,
25,2025-02-12,2374.487060546875,2385.1263101053337,2351.2741524193293,2377.388674062818,10223400,Mitsubishi Corp,
26,2025-02-13,2408.339111328125,2416.076747027171,2379.3229774567017,2388.5114198493193,8593000,Mitsubishi Corp,
27,2025-02-14,2381.25732421875,2417.0438883926304,2380.773722000184,2403.5030262727837,7266000,Mitsubishi Corp,
28,2025-02-17,2338.216796875,2379.806588918692,2336.765990175801,2373.5197598888312,10351700,Mitsubishi Corp,
29,2025-02-18,2340.634765625,2358.0444456998966,2328.0611077931303,2338.7003567277893,6509000,Mitsubishi Corp,
30,2025-02-19,2298.07763671875,2344.503447561553,2297.594034522471,2336.765812421086,13424100,Mitsubishi Corp,
31,2025-02-20,2291.307373046875,2302.9138266038876,2273.8976927113563,2291.307373046875,8761400,Mitsubishi Corp,
32,2025-02-21,2302.430419921875,2322.258113099106,2292.2747721969517,2292.2747721969517,7250600,Mitsubishi Corp,
33,2025-02-25,2504.09228515625,2519.083953916359,2425.2651236111615,2437.355179062862,42966700,Mitsubishi Corp,
34,2025-02-26,2438.80615234375,2500.22363823462,2425.265289312692,2500.22363823462,23078000,Mitsubishi Corp,
35,2025-02-27,2464.43701171875,2487.6499192074666,2440.740501990685,2442.19130870873,13544600,Mitsubishi Corp,
36,2025-02-28,2414.6259765625,2458.6337802611156,2404.470329555127,2441.707701915494,19047700,Mitsubishi Corp,
37,2025-03-03,2478.461669921875,2479.912476753049,2433.00305587843,2448.9619310213416,9482500,Mitsubishi Corp,
38,2025-03-04,2445.57666015625,2470.723977998474,2430.584989904155,2463.9535462717213,9384800,Mitsubishi Corp,
39,2025-03-05,2468.789306640625,2468.789306640625,2427.1995161663654,2446.5436047590442,10042800,Mitsubishi Corp,
40,2025-03-06,2479.4287109375,2498.289198498757,2459.6010188859227,2466.3714503181686,9577900,Mitsubishi Corp,
41,2025-03-07,2469.27294921875,2477.4941870050247,2432.0355780691525,2447.027246973536,9234800,Mitsubishi Corp,
42,2025-03-10,2495.87109375,2511.346365015259,2468.305766808758,2483.7810380740166,8037300,Mitsubishi Corp,
43,2025-03-11,2499.739990234375,2500.707194718892,2446.0601413436775,2487.6499341779117,10744800,Mitsubishi Corp,
44,2025-03-12,2497.8056640625,2504.5760956785457,2475.0763579229188,2489.5844256715877,8414300,Mitsubishi Corp,
45,2025-03-13,2495.387451171875,2520.051164352062,2495.387451171875,2503.608688898604,7599800,Mitsubishi Corp,
46,2025-03-14,2495.87109375,2511.346365015259,2482.330231392899,2483.7810380740166,8252700,Mitsubishi Corp,
47,2025-03-17,2559.222900390625,2566.4769335549972,2513.280690349599,2515.215099193432,11589300,Mitsubishi Corp,
48,2025-03-18,2651.591064453125,2704.30370826589,2648.2058487954246,2704.30370826589,28648200,Mitsubishi Corp,
49,2025-03-19,2731.868896484375,2748.794973909929,2676.7382442982857,2679.1562553590793,25361200,Mitsubishi Corp,
50,2025-03-21,2695.598876953125,2724.1314090199053,2668.5171516016044,2688.8284456152446,19389600,Mitsubishi Corp,
51,2025-03-24,2669.484375,2712.041372282609,2650.140285326087,2711.074167798913,10419500,Mitsubishi Corp,
52,2025-03-25,2676.73828125,2707.2052210365855,2661.7466124661246,2701.401994410569,9520300,Mitsubishi Corp,
53,2025-03-26,2694.14794921875,2702.8527891192953,2670.935042817296,2701.4019824692045,10875000,Mitsubishi Corp,
54,2025-03-27,2710.10693359375,2710.10693359375,2675.2875725625668,2694.1480597877908,14050800,Mitsubishi Corp,
55,2025-03-28,2693.36572265625,2727.832925688414,2670.7158463779706,2706.66021525437,11754500,Mitsubishi Corp,
56,2025-03-31,2586.517333984375,2622.954090640542,2562.390292414751,2610.644375553999,15457700,Mitsubishi Corp,
57,2025-04-01,2612.12158203125,2643.142064532281,2601.2890325864455,2625.4160745316917,12471400,Mitsubishi Corp,
58,2025-04-02,2575.1923828125,2604.73569886771,2553.527284372012,2600.3042014594284,9616400,Mitsubishi Corp,
59,2025-04-03,2619.50732421875,2670.22334948088,2461.9429738898025,2461.9429738898025,38385600,Mitsubishi Corp,
60,2025-04-04,2503.796142578125,2598.3347579911047,2447.171451054726,2560.420834101524,34370900,Mitsubishi Corp,
61,2025-04-07,2298.469970703125,2371.8358716531607,2222.642126768189,2225.5964583500695,33800100,Mitsubishi Corp,
62,2025-04-08,2428.460693359375,2484.5929964905527,2376.7598878438166,2383.1609399552667,19714000,Mitsubishi Corp,
63,2025-04-09,2367.896728515625,2409.2573700617495,2330.475195688179,2400.3943754447228,17426900,Mitsubishi Corp,
64,2025-04-10,2526.938232421875,2568.791262382097,2499.3644715069054,2561.4054335655874,19901900,Mitsubishi Corp,
65,2025-04-11,2435.35400390625,2444.7093872613286,2374.2978177994214,2397.9324704859355,17461500,Mitsubishi Corp,
66,2025-04-14,2428.952880859375,2479.668904927592,2428.952880859375,2464.897247431995,9717400,Mitsubishi Corp,
67,2025-04-15,2438.80078125,2468.8364864097516,2436.338838204119,2458.9887142262264,8316700,Mitsubishi Corp,
68,2025-04-16,2414.181396484375,2436.831272935177,2390.054354178086,2420.582448524819,8981400,Mitsubishi Corp,
69,2025-04-17,2440.770263671875,2441.262652266523,2405.8106734518424,2413.6888909662157,6443300,Mitsubishi Corp,
70,2025-04-18,2448.15625,2466.374629173371,2436.831311594932,2453.5725248893805,5921600,Mitsubishi Corp,
71,2025-04-21,2396.94775390625,2439.7855629838677,2396.94775390625,2438.3083971536053,6029800,Mitsubishi Corp,
72,2025-04-22,2490.00927734375,2490.00927734375,2420.5824811987095,2436.338917203258,14688100,Mitsubishi Corp,
73,2025-04-23,2586.02490234375,2586.02490234375,2520.0448305779346,2565.344581342524,15392400,Mitsubishi Corp,
74,2025-04-24,2625.908447265625,2634.2790536041803,2590.9488560869527,2596.8575193847564,13005700,Mitsubishi Corp,
75,2025-04-25,2637.2333984375,2663.3299947999326,2629.8475692783213,2651.512668145246,12167300,Mitsubishi Corp,
76,2025-04-28,2668.25390625,2700.259166243772,2655.94419086778,2659.3909111748017,10100400,Mitsubishi Corp,
77,2025-04-30,2670.7158203125,2703.7058571784546,2663.8223797733453,2700.2591369088773,13801400,Mitsubishi Corp,
78,2025-05-01,2646.096435546875,2656.4365965343113,2620.9846160059574,2648.0659900206724,9844500,Mitsubishi Corp,
79,2025-05-02,2600.30419921875,2655.4517224742885,2589.9640386083365,2652.9897794718095,19630200,Mitsubishi Corp,
80,2025-05-07,2695.335205078125,2705.675365711417,2620.492137637154,2624.4312464498366,20231100,Mitsubishi Corp,
81,2025-05-08,2671.208251953125,2678.1016926033267,2647.0812096774193,2672.193029188868,12339800,Mitsubishi Corp,
82,2025-05-09,2717.985107421875,2741.619760529891,2698.7819517716116,2734.233931433636,13122400,Mitsubishi Corp,
83,2025-05-12,2752.944580078125,2757.376077345287,2728.3251508161134,2735.7109795947167,8582400,Mitsubishi Corp,
84,2025-05-13,2799.7216796875,2815.9705040683807,2774.117471572173,2786.9195756298363,14273900,Mitsubishi Corp,
85,2025-05-14,2806.12255859375,2835.173485240009,2783.965072168637,2830.2495993677617,10775900,Mitsubishi Corp,
86,2025-05-15,2817.93994140625,2823.3562159747403,2781.9955738153612,2806.122615074999,8864100,Mitsubishi Corp,
87,2025-05-16,2836.158447265625,2848.9605513678657,2821.3867886861167,2825.325897640652,9675800,Mitsubishi Corp,
88,2025-05-19,2855.85400390625,2914.9406384698277,2850.9301176926183,2876.534326003502,15092700,Mitsubishi Corp,
89,2025-05-20,2855.361572265625,2913.463428711106,2838.6203593915034,2871.610396525802,15885400,Mitsubishi Corp,
90,2025-05-21,2890.321044921875,2894.260153671343,2867.671169612436,2875.5493871113713,10131700,Mitsubishi Corp,
91,2025-05-22,2869.640869140625,2882.935361842546,2849.945324397038,2870.6256463778045,9981600,Mitsubishi Corp,
92,2025-05-23,2882.44287109375,2902.630803740631,2873.0874876720245,2890.321088712045,9241100,Mitsubishi Corp,
93,2025-05-26,2870.62548828125,2889.8286433486546,2866.193990958003,2875.549374195969,6358500,Mitsubishi Corp,
94,2025-05-27,2894.752685546875,2901.6461261996487,2867.6713115538355,2870.625643262167,6672300,Mitsubishi Corp,
95,2025-05-28,2868.656005859375,2922.8187522796516,2868.656005859375,2905.0927625421064,10399000,Mitsubishi Corp,
96,2025-05-29,2890.321044921875,2902.138371170278,2867.671169612436,2868.655946799803,10149900,Mitsubishi Corp,
97,2025-05-30,2890.321044921875,2905.0927027323787,2846.0060714903643,2849.9451802398316,14623900,Mitsubishi Corp,
98,2025-06-02,2859.79296875,2902.138388053116,2857.3310257672606,2890.3210617359673,9135200,Mitsubishi Corp,
99,2025-06-03,2821.879150390625,2884.904893062061,2817.4476528590394,2880.965784145096,10805800,Mitsubishi Corp,
100,2025-06-04,2838.1279296875,2862.2549714214847,2821.3867170557555,2821.879105662572,7784600,Mitsubishi Corp,
101,2025-06-05,2817.447509765625,2841.5745506566623,2807.599737973365,2824.340950020207,7298200,Mitsubishi Corp,
102,2025-06-06,2830.7421875,2837.6356282070797,2814.49336297617,2817.9400833297095,6434900,Mitsubishi Corp,
103,2025-06-09,2800.706298828125,2849.945157808929,2789.8737498523483,2831.234391396223,8392700,Mitsubishi Corp,
104,2025-06-10,2810.061767578125,2843.5441927043407,2806.615047344544,2806.615047344544,7871900,Mitsubishi Corp,
105,2025-06-11,2833.2041015625,2849.4529259197407,2806.122727633766,2829.2649926274116,6351800,Mitsubishi Corp,
106,2025-06-12,2813.508544921875,2831.2345350543897,2798.736886478113,2811.538990462707,8096900,Mitsubishi Corp,
107,2025-06-13,2802.18359375,2816.9552521250657,2772.640276999868,2813.5085318375504,10343000,Mitsubishi Corp,
108,2025-06-16,2845.021484375,2857.3312000394817,2828.280271071305,2844.0367071218416,7498500,Mitsubishi Corp,
109,2025-06-17,2813.508544921875,2847.483359342528,2794.7977775597765,2828.7725919804293,8393100,Mitsubishi Corp,
110,2025-06-18,2834.68115234375,2835.6659295375466,2794.7976759949843,2796.7672303825775,8066200,Mitsubishi Corp,
111,2025-06-19,2809.5693359375,2832.219211411234,2797.259621006123,2829.7572684249585,5561900,Mitsubishi Corp,
112,2025-06-20,2770.670654296875,2840.5898355497907,2770.670654296875,2795.290084315507,41355800,Mitsubishi Corp,
113,2025-06-23,2765.25439453125,2803.6607055664062,2748.0207934257314,2784.457550048828,8217200,Mitsubishi Corp,
114,2025-06-24,2761.8076171875,2804.6454247637726,2746.051182216917,2785.9346582362055,7458900,Mitsubishi Corp,
115,2025-06-25,2728.817626953125,2758.3609430154106,2722.41657513963,2757.8685544143727,7154400,Mitsubishi Corp,
116,2025-06-26,2810.55419921875,2810.55419921875,2728.8176895708325,2728.8176895708325,11257600,Mitsubishi Corp,
117,2025-06-27,2824.341064453125,2830.7421163774434,2788.3966959550294,2806.6150745088585,12901900,Mitsubishi Corp,
118,2025-06-30,2844.03662109375,2855.36155916251,2821.3867449562304,2835.1736260834164,8974900,Mitsubishi Corp,
119,2025-07-01,2843.0517578125,2847.4832551835275,2818.4323279734585,2821.3866595541435,8141600,Mitsubishi Corp,
120,2025-07-02,2863.732177734375,2872.5951727823835,2829.2649747698965,2831.2345292250097,10438500,Mitsubishi Corp,
121,2025-07-03,2901.64599609375,2938.082752196064,2847.975639132233,2853.3919136879827,12535000,Mitsubishi Corp,
122,2025-07-04,2875.05712890625,2910.0167206432498,2851.914863953588,2901.1537255549965,7931700,Mitsubishi Corp,
123,2025-07-07,2859.300537109375,2888.8438524575,2852.8994854506145,2874.564583372573,5997700,Mitsubishi Corp,
124,2025-07-08,2848.96044921875,2893.2754233683677,2821.3866875256545,2867.1788274802593,11667600,Mitsubishi Corp,
125,2025-07-09,2829.75732421875,2855.853920387811,2825.325826756079,2850.9300343181767,8897700,Mitsubishi Corp,
126,2025-07-10,2829.264892578125,2835.6659443712883,2806.615017002317,2830.7420583765474,10314900,Mitsubishi Corp,
127,2025-07-11,2850.929931640625,2878.5036926374946,2831.2343880714325,2845.513657159097,7807100,Mitsubishi Corp,
128,2025-07-14,2862.747314453125,2886.381967204028,2850.9299880776734,2866.194034645965,6967100,Mitsubishi Corp,
129,2025-07-15,2818.9248046875,2856.346339212609,2816.95525023881,2854.376784763919,7138100,Mitsubishi Corp,
130,2025-07-16,2816.462890625,2827.787828821569,2793.813014231862,2818.4324450939685,7361200,Mitsubishi Corp,
131,2025-07-17,2842.067138671875,2844.5290817926925,2805.630380483774,2807.5999349804283,7564000,Mitsubishi Corp,
132,2025-07-18,2832.21923828125,2855.853891173722,2826.3105750581317,2854.3767253679425,7095800,Mitsubishi Corp,
133,2025-07-22,2869.640869140625,2870.6256463778045,2824.341116230375,2841.574717881014,8901900,Mitsubishi Corp,
134,2025-07-23,2972.0576171875,2995.6922702068837,2905.5851555704835,2906.077544175054,22274200,Mitsubishi Corp,
135,2025-07-24,3009.479248046875,3025.2356839005233,2982.8902625438427,2987.814148748108,10803000,Mitsubishi Corp,
136,2025-07-25,2988.798828125,2998.646600211079,2975.996724413097,2992.7379369594314,7269200,Mitsubishi Corp,
137,2025-07-28,2948.915283203125,2989.7835364183297,2948.915283203125,2988.798759232421,8219300,Mitsubishi Corp,
138,2025-07-29,2899.18408203125,2924.78828927745,2883.4276468028193,2922.818734873896,7997700,Mitsubishi Corp,
139,2025-07-30,2920.84912109375,2927.742561366055,2905.5850747765035,2910.5089606852925,7244500,Mitsubishi Corp,
140,2025-07-31,2942.514404296875,2946.9459018937077,2917.4025845814904,2927.7427456407663,9619900,Mitsubishi Corp,
141,2025-08-01,2981.905517578125,2989.78373559022,2953.346977284279,2954.331754535791,9174000,Mitsubishi Corp,
142,2025-08-04,2941.037109375,3032.129000423782,2923.311119765507,2935.6208347720994,18168900,Mitsubishi Corp,
143,2025-08-05,2956.30126953125,2969.1033736298195,2919.8645117122437,2940.544833717626,8161400,Mitsubishi Corp,
144,2025-08-06,3047.885498046875,3050.839829708956,2960.240325405139,2961.225102625833,11213700,Mitsubishi Corp,
145,2025-08-07,3035.083251953125,3059.702681316794,3016.3724856367367,3028.1898117312976,9335400,Mitsubishi Corp,
146,2025-08-08,3078.41357421875,3085.3070147240383,3040.992040047185,3047.8854805524734,11482200,Mitsubishi Corp,
147,2025-08-12,3124.697998046875,3147.347873229692,3091.2155738635806,3092.200351045442,11339400,Mitsubishi Corp,
148,2025-08-13,3130.606689453125,3162.119559557718,3119.7741403546715,3151.287010459264,8790400,Mitsubishi Corp,
149,2025-08-14,3062.6572265625,3111.896088725884,3050.839899643288,3105.0026480230104,8627900,Mitsubishi Corp,
150,2025-08-15,3118.78955078125,3118.78955078125,3082.352792530885,3096.139674031023,9198500,Mitsubishi Corp,
151,2025-08-18,3154.241455078125,3172.9522223733125,3127.652469974438,3134.5459105568757,8239300,Mitsubishi Corp,
152,2025-08-19,3156.2109375,3180.8303675897037,3141.439279446178,3173.936927164587,6938000,Mitsubishi Corp,
153,2025-08-20,3151.287109375,3178.8608715820315,3143.4088916015626,3156.2109954833986,6300100,Mitsubishi Corp,
154,2025-08-21,3166.058837890625,3173.93705583872,3134.5459660982456,3152.271956481459,6014400,Mitsubishi Corp,
155,2025-08-22,3183.78466796875,3203.480211847307,3170.9825644476878,3175.906450417327,6291600,Mitsubishi Corp,
156,2025-08-25,3239.9169921875,3258.627759011683,3205.449790142952,3210.373676149316,7062000,Mitsubishi Corp,
157,2025-08-26,3213.328125,3249.764882776586,3183.784807883849,3239.917110404536,21686300,Mitsubishi Corp,
158,2025-08-27,3201.5107421875,3228.0997271272304,3188.70863832763,3205.4498510674603,9280900,Mitsubishi Corp,
159,2025-08-28,3260.597412109375,3294.0798379661305,3154.2414711526208,3174.921793005323,15717200,Mitsubishi Corp,
160,2025-08-29,3302.94287109375,3308.8515345483006,3269.460444851297,3274.3843310634225,11193500,Mitsubishi Corp,
161,2025-09-01,3301.9580078125,3328.5469926651504,3278.3233546101437,3302.9427850292645,7779500,Mitsubishi Corp,
162,2025-09-02,3400.435791015625,3402.4053454847913,3316.729726076057,3316.729726076057,12357900,Mitsubishi Corp,
163,2025-09-03,3307.86669921875,3433.9181840356596,3307.86669921875,3407.329198957093,14333300,Mitsubishi Corp,
164,2025-09-04,3333.470947265625,3345.2882741096982,3291.1255260743633,3305.8971846294544,7585300,Mitsubishi Corp,
165,2025-09-05,3392.5576171875,3406.344498650671,3363.014299766419,3378.7707357243285,9214500,Mitsubishi Corp,
166,2025-09-08,3443.765869140625,3444.7506463408367,3388.618345928765,3413.2377759340598,8010200,Mitsubishi Corp,
167,2025-09-09,3409.298828125,3444.750809006716,3404.3749418914285,3443.7660317600016,8801400,Mitsubishi Corp,
168,2025-09-10,3400.435791015625,3411.2683405960397,3377.7859146202127,3384.679355262295,7472900,Mitsubishi Corp,
169,2025-09-11,3388.618408203125,3412.2530614425536,3372.8619727101723,3399.45095760453,6997500,Mitsubishi Corp,
170,2025-09-12,3388.618408203125,3427.024719717197,3386.648853766506,3421.11605640734,8040800,Mitsubishi Corp,
171,2025-09-16,3419.146484375,3436.8724742133495,3387.6336135512674,3392.5574996174755,7703800,Mitsubishi Corp,
172,2025-09-17,3407.3291015625,3421.1159823202674,3372.8618996680816,3417.176873532334,6962900,Mitsubishi Corp,
173,2025-09-18,3451.64404296875,3469.3700323477624,3391.5726345176536,3414.22250983528,10302400,Mitsubishi Corp,
174,2025-09-19,3516.639404296875,3578.6803683043527,3508.7611866451316,3510.7307410580675,24597400,Mitsubishi Corp,
175,2025-09-22,3545.197998046875,3570.802205810547,3523.532899169922,3524.5176763916015,8845600,Mitsubishi Corp,
176,2025-09-24,3480.20263671875,3554.0609269716947,3477.248305108632,3545.1979321413414,11091300,Mitsubishi Corp,
177,2025-09-25,3508.76123046875,3528.456774844101,3494.9743494060044,3508.76123046875,7519800,Mitsubishi Corp,
178,2025-09-26,3558.0,3581.6346526432326,3506.791585939662,3524.517575422087,11390400,Mitsubishi Corp,
179,2025-09-29,3512.0,3556.0,3502.0,3555.0,9264600,Mitsubishi Corp,
180,2025-09-30,3531.0,3541.0,3467.0,3506.0,8579400,Mitsubishi Corp,
181,2025-10-01,3465.0,3502.0,3427.0,3480.0,12515500,Mitsubishi Corp,
182,2025-10-02,3469.0,3497.0,3448.0,3450.0,7984200,Mitsubishi Corp,
183,2025-10-03,3492.0,3516.0,3470.0,3472.0,7202800,Mitsubishi Corp,
184,2025-10-06,3526.0,3614.0,3526.0,3605.0,11962600,Mitsubishi Corp,
185,2025-10-07,3555.0,3583.0,3528.0,3531.0,8611900,Mitsubishi Corp,
186,2025-10-08,3583.0,3633.0,3583.0,3600.0,9619300,Mitsubishi Corp,
187,2025-10-09,3603.0,3613.0,3583.0,3585.0,7809100,Mitsubishi Corp,
188,2025-10-10,3577.0,3613.0,3551.0,3596.0,10260600,Mitsubishi Corp,
189,2025-10-14,3518.0,3585.0,3495.0,3521.0,10844300,Mitsubishi Corp,
190,2025-10-15,3598.0,3602.0,3560.0,3563.0,7718800,Mitsubishi Corp,
191,2025-10-16,3561.0,3631.0,3558.0,3620.0,6960300,Mitsubishi Corp,
192,2025-10-17,3569.0,3582.0,3540.0,3543.0,5726700,Mitsubishi Corp,
193,2025-10-20,3638.0,3638.0,3605.0,3614.0,7073200,Mitsubishi Corp,
194,2025-10-21,3628.0,3679.0,3627.0,3650.0,8034900,Mitsubishi Corp,
195,2025-10-22,3673.0,3680.0,3618.0,3628.0,7327100,Mitsubishi Corp,
196,2025-10-23,3697.0,3706.0,3653.0,3680.0,7207400,Mitsubishi Corp,
197,2025-10-24,3682.0,3746.0,3682.0,3708.0,8608400,Mitsubishi Corp,
198,2025-10-27,3772.0,3778.0,3728.0,3735.0,8499200,Mitsubishi Corp,
199,2025-10-28,3679.0,3773.0,3679.0,3772.0,8472300,Mitsubishi Corp,
200,2025-10-29,3659.0,3679.0,3640.0,3670.0,6826400,Mitsubishi Corp,
201,2025-10-30,3681.0,3720.0,3651.0,3665.0,27902200,Mitsubishi Corp,
202,2025-10-31,3712.0,3724.0,3680.0,3710.0,8947500,Mitsubishi Corp,
203,2025-11-04,3568.0,3761.0,3568.0,3700.0,18041000,Mitsubishi Corp,
204,2025-11-05,3572.0,3590.0,3482.0,3498.0,16700200,Mitsubishi Corp,
205,2025-11-06,3639.0,3678.0,3575.0,3576.0,11831100,Mitsubishi Corp,
206,2025-11-07,3637.0,3644.0,3585.0,3600.0,8051800,Mitsubishi Corp,
207,2025-11-10,3672.0,3676.0,3630.0,3650.0,6582700,Mitsubishi Corp,
208,2025-11-11,3638.0,3682.0,3616.0,3670.0,5843900,Mitsubishi Corp,
209,2025-11-12,3704.0,3722.0,3657.0,3658.0,7942900,Mitsubishi Corp,
210,2025-11-13,3731.0,3743.0,3706.0,3711.0,5854700,Mitsubishi Corp,
211,2025-11-14,3750.0,3750.0,3689.0,3720.0,7613500,Mitsubishi Corp,
212,2025-11-17,3673.0,3730.0,3667.0,3724.0,6731800,Mitsubishi Corp,
213,2025-11-18,3596.0,3700.0,3593.0,3673.0,7844000,Mitsubishi Corp,
214,2025-11-19,3591.0,3625.0,3552.0,3592.0,8580500,Mitsubishi Corp,
215,2025-11-20,3618.0,3684.0,3618.0,3645.0,7466800,Mitsubishi Corp,
216,2025-11-21,3658.0,3667.0,3543.0,3575.0,10858100,Mitsubishi Corp,
217,2025-11-25,3638.0,3686.0,3620.0,3665.0,7692800,Mitsubishi Corp,
218,2025-11-26,3684.0,3711.0,3666.0,3686.0,8906700,Mitsubishi Corp,
219,2025-11-27,3674.0,3711.0,3674.0,3690.0,4946600,Mitsubishi Corp,
220,2025-11-28,3702.0,3708.0,3642.0,3670.0,6585300,Mitsubishi Corp,
221,2025-12-01,3666.0,3723.0,3647.0,3710.0,5495600,Mitsubishi Corp,
222,2025-12-02,3678.0,3710.0,3668.0,3668.0,5658800,Mitsubishi Corp,
223,2025-12-03,3670.0,3703.0,3663.0,3684.0,4896600,Mitsubishi Corp,
224,2025-12-04,3838.0,3856.0,3683.0,3688.0,12380500,Mitsubishi Corp,
225,2025-12-05,3744.0,3821.0,3744.0,3801.0,7450400,Mitsubishi Corp,
226,2025-12-08,3819.0,3819.0,3749.0,3760.0,6994400,Mitsubishi Corp,
227,2025-12-09,3810.0,3850.0,3797.0,3819.0,6030700,Mitsubishi Corp,
228,2025-12-10,3742.0,3820.0,3742.0,3795.0,8702100,Mitsubishi Corp,
229,2025-12-11,3721.0,3777.0,3721.0,3771.0,9892300,Mitsubishi Corp,
230,2025-12-12,3763.0,3784.0,3753.0,3766.0,11350900,Mitsubishi Corp,
231,2025-12-15,3780.0,3790.0,3742.0,3770.0,7566300,Mitsubishi Corp,
232,2025-12-16,3617.0,3712.0,3615.0,3700.0,12753500,Mitsubishi Corp,
233,2025-12-17,3600.0,3620.0,3550.0,3601.0,7803500,Mitsubishi Corp,
234,2025-12-18,3628.0,3628.0,3569.0,3600.0,8324900,Mitsubishi Corp,
235,2025-12-19,3617.0,3639.0,3585.0,3628.0,15602300,Mitsubishi Corp,
236,2025-12-22,3605.0,3658.0,3605.0,3649.0,6298700,Mitsubishi Corp,
237,2025-12-23,3568.0,3610.0,3564.0,3600.0,8618600,Mitsubishi Corp,
238,2025-12-24,3512.0,3566.0,3512.0,3565.0,8070200,Mitsubishi Corp,
239,2025-12-25,3523.0,3539.0,3507.0,3513.0,4178900,Mitsubishi Corp,
240,2025-12-26,3529.0,3536.0,3509.0,3519.0,5651200,Mitsubishi Corp,
241,2025-12-29,3569.0,3575.0,3536.0,3539.0,6452200,Mitsubishi Corp,
242,2025-12-30,3586.0,3587.0,3545.0,3566.0,5107300,Mitsubishi Corp,
243,2026-01-05,3653.0,3696.0,3610.0,3620.0,10572000,Mitsubishi Corp,
244,2026-01-06,3787.0,3787.0,3675.0,3686.0,11747500,Mitsubishi Corp,
245,2026-01-07,3770.0,3788.0,3735.0,3744.0,6535100,Mitsubishi Corp,
246,2026-01-08,3739.0,3783.0,3731.0,3770.0,7738500,Mitsubishi Corp,
247,2026-01-09,3782.0,3805.0,3738.0,3739.0,9963800,Mitsubishi Corp,
248,2026-01-13,3979.0,3979.0,3851.0,3852.0,13747400,Mitsubishi Corp,
249,2026-01-14,4055.0,4058.0,3984.0,4000.0,10371700,Mitsubishi Corp,
250,2026-01-15,4138.0,4185.0,4044.0,4055.0,11737300,Mitsubishi Corp,
251,2026-01-16,4055.0,4152.0,4035.0,4100.0,11084900,Mitsubishi Corp,
252,2026-01-19,4118.0,4125.0,4015.0,4055.0,8922000,Mitsubishi Corp,
253,2026-01-20,4090.0,4120.0,4075.0,4100.0,7408700,Mitsubishi Corp,
254,2026-01-21,4046.0,4076.0,4011.0,4020.0,7266400,Mitsubishi Corp,
255,2026-01-22,4082.0,4138.0,4066.0,4116.0,8265900,Mitsubishi Corp,
256,2026-01-23,4031.0,4104.0,4031.0,4087.0,7083900,Mitsubishi Corp,
257,2026-01-26,3910.0,3968.0,3910.0,3950.0,9087000,Mitsubishi Corp,
258,2026-01-27,4008.0,4020.0,3933.0,3980.0,8630100,Mitsubishi Corp,
259,2026-01-28,4088.0,4123.0,3976.0,3991.0,9638200,Mitsubishi Corp,
260,2026-01-29,4057.0,4088.0,4007.0,4066.0,9890700,Mitsubishi Corp,
261,2026-01-30,4097.0,4110.0,4028.0,4070.0,9501200,Mitsubishi Corp,
262,2026-02-02,4081.0,4225.0,4077.0,4155.0,8915600,Mitsubishi Corp,
263,2026-02-03,4209.0,4235.0,4123.0,4134.0,11291400,Mitsubishi Corp,
264,2026-02-04,4337.0,4348.0,4220.0,4250.0,10627600,Mitsubishi Corp,
265,2026-02-05,4625.0,4642.0,4290.0,4420.0,21609500,Mitsubishi Corp,
266,2026-02-06,4723.0,4734.0,4535.0,4555.0,14911400,Mitsubishi Corp,
0,2025-01-06,5501.3720703125,5551.736744195643,5454.881602112676,5547.862538512324,4895400,Tokyo Marines,
1,2025-01-07,5533.33447265625,5542.051435767384,5431.636569693025,5520.743303717946,4100900,Tokyo Marines,
2,2025-01-08,5308.63037109375,5418.076682338704,5292.16499683566,5404.516962361453,9870100,Tokyo Marines,
3,2025-01-09,5091.67529296875,5292.165455731643,5091.67529296875,5280.542837600461,11389400,Tokyo Marines,
4,2025-01-10,5000.63134765625,5112.983320603786,5000.63134765625,5058.744437111872,9306400,Tokyo Marines,
5,2025-01-14,5082.9580078125,5117.825860000238,4988.039965745879,4990.945620094858,8400000,Tokyo Marines,
6,2025-01-15,5116.857421875,5181.750370439381,5090.706532155025,5179.813267497161,4807000,Tokyo Marines,
7,2025-01-16,5154.630859375,5227.272218723577,5123.637212719607,5171.096234160677,5165900,Tokyo Marines,
8,2025-01-17,5072.3037109375,5103.297355915541,4985.13408443676,5086.831982020956,4750100,Tokyo Marines,
9,2025-01-20,5150.7568359375,5150.7568359375,5075.20981953977,5092.643746400785,2896200,Tokyo Marines,
10,2025-01-21,5089.73828125,5154.631233646527,5043.2478078912945,5153.662682118221,3915200,Tokyo Marines,
11,2025-01-22,5002.568359375,5089.737991968175,4997.7256020087125,5082.958131655373,5409500,Tokyo Marines,
12,2025-01-23,5001.599609375,5102.328958595565,5001.599609375,5038.404563897899,6077400,Tokyo Marines,
13,2025-01-24,5030.65625,5073.272513958414,5002.568257845591,5027.750595639199,4724000,Tokyo Marines,
14,2025-01-27,5045.1845703125,5085.8637317548355,5027.750643980071,5056.807187867453,3997700,Tokyo Marines,
15,2025-01-28,5030.65625,5104.266160473623,5021.939286917597,5099.423403205622,3808500,Tokyo Marines,
16,2025-01-29,5010.31689453125,5028.719372976271,4988.0402100978035,5024.845166987845,4039300,Tokyo Marines,
17,2025-01-30,5049.05859375,5062.618313740888,5011.285088061097,5031.62466804743,3416300,Tokyo Marines,
18,2025-01-31,4997.7255859375,5027.75068151193,4960.920630072069,5017.096615340358,4532500,Tokyo Marines,
19,2025-02-03,4881.4990234375,4936.7064528692335,4840.8198649088545,4900.870051308284,4466300,Tokyo Marines,
20,2025-02-04,4914.43017578125,4966.731955342186,4892.153491894185,4965.763403868836,3764800,Tokyo Marines,
21,2025-02-05,4921.2099609375,5011.285246583473,4900.870380307764,4950.266504694266,3637700,Tokyo Marines,
22,2025-02-06,4918.3046875,4980.291985648878,4898.933656828476,4905.713517563509,3271300,Tokyo Marines,
23,2025-02-07,4879.56201171875,4929.926685122755,4852.442572193517,4918.304068183369,2680600,Tokyo Marines,
24,2025-02-10,4864.0654296875,4887.310664715876,4835.977437361547,4866.971084066047,3064800,Tokyo Marines,
25,2025-02-12,4845.6630859375,4864.065564177118,4809.826680944558,4864.065564177118,4926900,Tokyo Marines,
26,2025-02-13,4916.3671875,4952.203591348995,4862.128305998818,4871.8138205526,4827300,Tokyo Marines,
27,2025-02-14,4888.279296875,4927.02135589521,4859.222752609842,4877.625230644442,4125800,Tokyo Marines,
28,2025-02-17,5005.4736328125,5033.561623399103,4906.681390059622,4920.241109653154,7904000,Tokyo Marines,
29,2025-02-18,5020.00244140625,5225.335360097765,4994.8201023214415,5225.335360097765,7067500,Tokyo Marines,
30,2025-02-19,4948.3291015625,5118.794147926759,4944.454895963312,5031.624521945036,5339400,Tokyo Marines,
31,2025-02-20,4913.46142578125,4975.448717571117,4844.694273951865,4939.612314505101,5364400,Tokyo Marines,
32,2025-02-21,4951.23486328125,4991.914022956096,4868.907992510728,4913.461357868893,4551700,Tokyo Marines,
33,2025-02-25,4982.228515625,5011.285058289998,4881.499167719673,4883.436270564007,5078200,Tokyo Marines,
34,2025-02-26,4932.83251953125,5015.159392525587,4870.84522692375,4984.165746221836,5184400,Tokyo Marines,
35,2025-02-27,5062.6181640625,5068.42947245821,4941.54923915188,4942.517790551165,4795700,Tokyo Marines,
36,2025-02-28,5130.4169921875,5156.567881141448,5040.34170801279,5062.618391195783,13900600,Tokyo Marines,
37,2025-03-03,5343.49853515625,5359.963910377866,5278.605585753409,5312.504887680267,8013700,Tokyo Marines,
38,2025-03-04,5314.44189453125,5408.391386743667,5270.857078556417,5365.775122234942,6692300,Tokyo Marines,
39,2025-03-05,5249.548828125,5313.473223449031,5218.555181907288,5313.473223449031,4856800,Tokyo Marines,
40,2025-03-06,5320.2529296875,5348.340920759944,5237.926059302749,5272.7939102892315,5687000,Tokyo Marines,
41,2025-03-07,5174.001953125,5304.75640158473,5170.127747244712,5263.108688371631,6076800,Tokyo Marines,
42,2025-03-10,5143.9765625,5209.838058687159,5124.605534209659,5135.259599769346,3869800,Tokyo Marines,
43,2025-03-11,5110.0771484375,5110.0771484375,4940.5806546966805,4989.9767757297195,7415300,Tokyo Marines,
44,2025-03-12,5254.3916015625,5305.72482826901,5102.329024337558,5110.077435915899,6603200,Tokyo Marines,
45,2025-03-13,5365.77490234375,5427.762193634364,5329.938499566364,5334.781256698443,7582300,Tokyo Marines,
46,2025-03-14,5404.51708984375,5459.724522481939,5364.806480402246,5386.114612297687,5910700,Tokyo Marines,
47,2025-03-17,5529.46044921875,5546.894376016076,5467.473153939367,5472.315911383069,5321100,Tokyo Marines,
48,2025-03-18,5833.58544921875,5844.2395152890485,5706.705207836108,5723.170582672023,10162300,Tokyo Marines,
49,2025-03-19,5866.51611328125,5939.157471791419,5846.176532898403,5857.79915026003,6315200,Tokyo Marines,
50,2025-03-21,5793.875,5860.705052657974,5758.038594951521,5807.434720829154,7508700,Tokyo Marines,
51,2025-03-24,5761.91259765625,5844.239471214963,5755.132737480827,5820.994236327797,3006800,Tokyo Marines,
52,2025-03-25,5738.66748046875,5814.214495401503,5728.981965733782,5753.195752571202,3847100,Tokyo Marines,
53,2025-03-26,5818.08837890625,5839.396510142465,5765.786602235543,5811.308518967455,4866000,Tokyo Marines,
54,2025-03-27,5919.78662109375,5953.6859227525,5792.906377742428,5818.0887161175,6701800,Tokyo Marines,
55,2025-03-28,5922.736328125,5994.509195315093,5840.148371358317,5938.46736750913,5164400,Tokyo Marines,
56,2025-03-31,5639.57763671875,5720.199213812707,5577.636668951442,5687.753944982212,6805300,Tokyo Marines,
57,2025-04-01,5701.5185546875,5778.207371253395,5663.174146404553,5734.947013190583,5150900,Tokyo Marines,
58,2025-04-02,5727.08154296875,5765.425951582618,5644.493585954266,5757.560431866953,5456200,Tokyo Marines,
59,2025-04-03,5429.1748046875,5534.376127415056,5367.233838969406,5432.124374483599,7906800,Tokyo Marines,
60,2025-04-04,5067.36083984375,5350.519536365869,4946.428479870761,5261.0492537842265,9024600,Tokyo Marines,
61,2025-04-07,4426.3212890625,4567.900646153793,4282.775552011606,4357.497990476455,10375700,Tokyo Marines,
62,2025-04-08,4990.67236328125,5058.5124722383825,4830.412395744835,4839.261105608809,8950900,Tokyo Marines,
63,2025-04-09,4664.2529296875,4824.51288490231,4605.261535129901,4823.529694993017,9197900,Tokyo Marines,
64,2025-04-10,5178.46142578125,5264.982140698423,5119.470029246814,5240.402392142408,8247700,Tokyo Marines,
65,2025-04-11,4832.37841796875,4900.218521903612,4750.7736552644965,4883.504293397921,9920200,Tokyo Marines,
66,2025-04-14,4876.6220703125,4940.529415991999,4846.143182373047,4846.143182373047,4547500,Tokyo Marines,
67,2025-04-15,4954.2939453125,4974.940933375918,4890.386601306683,4936.5965269724275,4663100,Tokyo Marines,
68,2025-04-16,4960.193359375,5023.117516956764,4901.201961642096,4995.588198014742,3114700,Tokyo Marines,
69,2025-04-17,5153.8818359375,5153.8818359375,4963.142981269077,4968.058931131665,4044400,Tokyo Marines,
70,2025-04-18,5202.05810546875,5217.7891449107265,5117.503768468124,5141.100327631089,2775900,Tokyo Marines,
71,2025-04-21,5117.50341796875,5210.906458258285,5091.940480626351,5201.07455928044,3407300,Tokyo Marines,
72,2025-04-22,5101.7724609375,5145.032817129686,5053.596155178021,5116.520309639382,3129000,Tokyo Marines,
73,2025-04-23,5319.0576171875,5374.116254260051,5265.9653600103975,5356.418835201017,4845500,Tokyo Marines,
74,2025-04-24,5482.26708984375,5501.93088858781,5393.779995495483,5406.561464679122,4364000,Tokyo Marines,
75,2025-04-25,5471.4521484375,5558.956055213948,5452.771539125673,5534.37630611944,4613200,Tokyo Marines,
76,2025-04-28,5522.578125,5562.8889142335765,5467.519486046822,5543.225114607442,8361600,Tokyo Marines,
77,2025-04-30,5612.04833984375,5661.207838265646,5504.880633284014,5620.897049559691,5766800,Tokyo Marines,
78,2025-05-01,5572.720703125,5574.687083048474,5477.351276836516,5570.754323201526,3636000,Tokyo Marines,
79,2025-05-02,5554.0400390625,5645.4767046020315,5549.1240893023105,5572.720648151221,4242300,Tokyo Marines,
80,2025-05-07,5676.9384765625,5732.9803008028985,5623.846222018964,5732.9803008028985,5659500,Tokyo Marines,
81,2025-05-08,5623.8466796875,5695.6195481520435,5590.418220402645,5656.291948993389,3498000,Tokyo Marines,
82,2025-05-09,5723.1484375,5743.795425506785,5663.1738532898125,5722.165247594915,4045000,Tokyo Marines,
83,2025-05-12,5832.28271484375,5851.946513612609,5779.190458167829,5821.467625520877,3246000,Tokyo Marines,
84,2025-05-13,5773.29150390625,5916.8372395278975,5744.778994775923,5899.139820067694,6391300,Tokyo Marines,
85,2025-05-14,5811.6357421875,5811.6357421875,5690.703379425013,5696.602519071963,4573600,Tokyo Marines,
86,2025-05-15,5712.33349609375,5759.526612756831,5655.308480125861,5741.829194008175,4152000,Tokyo Marines,
87,2025-05-16,5816.5517578125,5870.627205189053,5741.829321437627,5798.854338671083,5943100,Tokyo Marines,
88,2025-05-19,5751.6611328125,5815.568478732638,5749.694752938034,5815.568478732638,3564500,Tokyo Marines,
89,2025-05-20,5702.50146484375,5816.5514941406245,5693.652755674165,5790.988556539602,4480700,Tokyo Marines,
90,2025-05-21,5554.0400390625,5603.199536664399,5481.283982611691,5556.006418966576,8832400,Tokyo Marines,
91,2025-05-22,5552.07373046875,5584.518999302727,5486.20000283613,5512.7461318821115,5395600,Tokyo Marines,
92,2025-05-23,5653.34228515625,5730.031102241848,5562.88880859375,5584.518987771739,4996200,Tokyo Marines,
93,2025-05-26,5697.5859375,5729.048016878774,5662.1910981988785,5662.1910981988785,2929200,Tokyo Marines,
94,2025-05-27,5790.00537109375,5809.669169263537,5621.879896742072,5624.8294664675395,3594400,Tokyo Marines,
95,2025-05-28,5868.66064453125,6004.340853769869,5808.686059288093,5948.299028214787,5858400,Tokyo Marines,
96,2025-05-29,6064.3154296875,6073.1641389720635,5898.1563331218085,5899.139523042315,7022900,Tokyo Marines,
97,2025-05-30,6009.2568359375,6049.567622958677,5982.710707899163,6003.357696373425,8870500,Tokyo Marines,
98,2025-06-02,6071.19775390625,6071.19775390625,5933.55116515372,5972.878761940156,4162600,Tokyo Marines,
99,2025-06-03,6068.24853515625,6093.811474546085,6019.089036329644,6090.8619046164895,3529900,Tokyo Marines,
100,2025-06-04,6160.66796875,6160.66796875,6045.634749416494,6054.483458595994,4701200,Tokyo Marines,
101,2025-06-05,6068.24853515625,6151.8196831614805,6066.282155203186,6130.189503677774,4563300,Tokyo Marines,
102,2025-06-06,6093.81103515625,6137.071391004407,6082.995946194211,6120.357162608528,3343700,Tokyo Marines,
103,2025-06-09,6120.357421875,6163.617779555723,6102.660002823795,6109.542332454819,2935900,Tokyo Marines,
104,2025-06-10,6051.5341796875,6187.2143936268785,6026.9544307854385,6150.836365251828,4603000,Tokyo Marines,
105,2025-06-11,5900.123046875,6024.988173846026,5869.644157614356,6017.122654036827,5156900,Tokyo Marines,
106,2025-06-12,5876.5263671875,5954.19837371382,5863.744897759118,5939.450524373379,3503300,Tokyo Marines,
107,2025-06-13,5785.08984375,5862.761852189199,5752.64457440198,5830.316582841179,4981200,Tokyo Marines,
108,2025-06-16,5820.484375,5876.52620090794,5801.803766364021,5849.980072846284,2910800,Tokyo Marines,
109,2025-06-17,5803.77001953125,5830.3161470134355,5784.106221396297,5802.786829624502,2584200,Tokyo Marines,
110,2025-06-18,5844.0810546875,5848.01381448204,5738.879730183536,5753.627579413063,3524000,Tokyo Marines,
111,2025-06-19,5797.87109375,5829.333171925344,5767.392205517636,5818.5180825525695,2363300,Tokyo Marines,
112,2025-06-20,5690.70361328125,5808.686411068698,5690.70361328125,5780.173901603398,5179900,Tokyo Marines,
113,2025-06-23,5711.3505859375,5722.165675702574,5649.409617282988,5702.501876129712,2797600,Tokyo Marines,
114,2025-06-24,5757.56005859375,5824.416971842448,5733.9635009765625,5793.938084920248,3056300,Tokyo Marines,
115,2025-06-25,5751.6611328125,5777.224071180555,5695.619306390224,5773.291311431623,3454900,Tokyo Marines,
116,2025-06-26,5902.08935546875,5902.08935546875,5703.4849826876925,5770.341900257554,6529200,Tokyo Marines,
117,2025-06-27,5983.69384765625,6070.214560537247,5933.551161782036,5948.299010568569,6532300,Tokyo Marines,
118,2025-06-30,6008.27392578125,6052.517474571981,5959.114427124882,6017.1226355393965,5203600,Tokyo Marines,
119,2025-07-01,5946.33251953125,5967.962697347006,5896.189834594727,5965.996317545573,3597000,Tokyo Marines,
120,2025-07-02,5921.7529296875,5935.517588664027,5832.282646340072,5906.021890857183,4189300,Tokyo Marines,
121,2025-07-03,5905.03857421875,5923.719182428899,5867.677357798451,5899.139434783966,3552400,Tokyo Marines,
122,2025-07-04,5800.82080078125,5925.685926492982,5783.123381389036,5906.022127168299,4162100,Tokyo Marines,
123,2025-07-07,5736.9130859375,5810.652328687339,5718.232477774207,5801.803619557359,2314500,Tokyo Marines,
124,2025-07-08,5668.08984375,5695.619161291197,5611.064828843235,5690.703211730269,6813000,Tokyo Marines,
125,2025-07-09,5669.0732421875,5725.115069243464,5656.291772858946,5721.182309450062,2410500,Tokyo Marines,
126,2025-07-10,5601.23291015625,5607.132049608758,5515.695388094886,5589.434631251234,6516700,Tokyo Marines,
127,2025-07-11,5668.08984375,5717.24933935928,5600.249739809194,5615.980778404163,3572100,Tokyo Marines,
128,2025-07-14,5694.63623046875,5719.215979391699,5600.249994604627,5614.014654001478,2472100,Tokyo Marines,
129,2025-07-15,5788.0390625,5795.904581864702,5684.804120838287,5709.383868852981,3811100,Tokyo Marines,
130,2025-07-16,5742.8125,5795.904757318953,5701.51852208526,5790.988807567198,2961700,Tokyo Marines,
131,2025-07-17,5857.845703125,5857.845703125,5744.778859241252,5745.762049188066,4024700,Tokyo Marines,
132,2025-07-18,5786.07275390625,5875.543037781436,5761.493005588892,5869.64389818527,3405500,Tokyo Marines,
133,2025-07-22,5795.90478515625,5821.467723988152,5706.434499244593,5800.820734931615,3383300,Tokyo Marines,
134,2025-07-23,6021.05517578125,6025.97112546755,5790.988730462372,5822.450808454697,6355800,Tokyo Marines,
135,2025-07-24,6173.44970703125,6226.54196442569,6109.542360167572,6148.8699582375275,6319200,Tokyo Marines,
136,2025-07-25,6014.1728515625,6159.684962406255,6004.340952181165,6159.684962406255,3661100,Tokyo Marines,
137,2025-07-28,5949.2822265625,6056.449928214345,5943.383087022032,6052.5171685207,2692000,Tokyo Marines,
138,2025-07-29,5887.34130859375,5907.0051072196475,5854.896040861019,5900.122777700583,2670100,Tokyo Marines,
139,2025-07-30,5920.77001953125,5930.601919264779,5837.198871796252,5871.6105208636045,2951500,Tokyo Marines,
140,2025-07-31,6021.05517578125,6030.887075153852,5920.769802180713,5927.6521317415345,3146700,Tokyo Marines,
141,2025-08-01,6079.0634765625,6165.584192386129,6008.27379997953,6021.055269362567,3663900,Tokyo Marines,
142,2025-08-04,5931.5849609375,5931.5849609375,5861.778474574735,5887.34141324279,4675700,Tokyo Marines,
143,2025-08-05,5982.7109375,5998.441976941249,5886.35832092235,5919.786779735004,3536200,Tokyo Marines,
144,2025-08-06,6053.50048828125,6076.113857004731,5967.962963109824,5975.828482665817,3188300,Tokyo Marines,
145,2025-08-07,6130.189453125,6172.466621767241,6080.046764735365,6119.374363472333,3613400,Tokyo Marines,
146,2025-08-08,6144.93701171875,6215.72668609375,6052.5171590625,6158.701670625,6759700,Tokyo Marines,
147,2025-08-12,6277.66796875,6337.642557018402,6164.6011220144865,6194.0968211628815,6280600,Tokyo Marines,
148,2025-08-13,6402.53271484375,6409.415044236242,6243.255948903226,6243.255948903226,6423400,Tokyo Marines,
149,2025-08-14,6321.9111328125,6363.205109107698,6277.66758678193,6328.7934621950335,4378600,Tokyo Marines,
150,2025-08-15,6530.34765625,6554.927405031429,6353.373465023713,6371.070884146342,4590100,Tokyo Marines,
151,2025-08-18,6447.759765625,6597.204639729147,6447.759765625,6568.692130854014,4228600,Tokyo Marines,
152,2025-08-19,6342.55810546875,6513.633149702444,6333.709396284248,6497.902111152219,4285400,Tokyo Marines,
153,2025-08-20,6371.07080078125,6414.331158070505,6308.146644724151,6337.642342875916,3839800,Tokyo Marines,
154,2025-08-21,6316.99560546875,6458.574962229451,6314.046035536236,6371.071054231517,3291900,Tokyo Marines,
155,2025-08-22,6456.6083984375,6491.020046670378,6334.692844698159,6343.541554243757,3607800,Tokyo Marines,
156,2025-08-25,6437.927734375,6510.683790016989,6404.499276377329,6488.070421371506,2591900,Tokyo Marines,
157,2025-08-26,6338.62548828125,6477.255268620579,6337.642298349765,6404.4992136907185,3827400,Tokyo Marines,
158,2025-08-27,6277.66796875,6337.642557018402,6238.340369885474,6309.130047841621,3523300,Tokyo Marines,
159,2025-08-28,6355.33984375,6362.2221734075265,6273.73507781076,6297.331636636564,3637600,Tokyo Marines,
160,2025-08-29,6293.39892578125,6356.323083139476,6254.07132743236,6350.423943387142,3084000,Tokyo Marines,
161,2025-09-01,6272.751953125,6381.886038829839,6264.886433434561,6302.247651964146,2482800,Tokyo Marines,
162,2025-09-02,6353.37353515625,6388.768373792218,6259.970488755779,6295.365327391747,2988300,Tokyo Marines,
163,2025-09-03,6187.21435546875,6370.08768617226,6171.483316268448,6327.810518321448,4241900,Tokyo Marines,
164,2025-09-04,6331.7431640625,6364.188431828658,6219.659511779406,6238.340120493255,3575100,Tokyo Marines,
165,2025-09-05,6363.205078125,6426.129232173207,6325.843861658876,6383.852066172068,2802200,Tokyo Marines,
166,2025-09-08,6404.49951171875,6465.457290307415,6343.541733130085,6385.818902151256,2671900,Tokyo Marines,
167,2025-09-09,6345.5078125,6462.507414248916,6344.524622569337,6431.045336467694,3269100,Tokyo Marines,
168,2025-09-10,6410.3984375,6410.3984375,6315.029012893022,6321.911342503834,3675900,Tokyo Marines,
169,2025-09-11,6366.15478515625,6390.734533361487,6307.1633894636825,6387.784963576858,3504800,Tokyo Marines,
170,2025-09-12,6349.4404296875,6466.440028809955,6342.5581003273555,6464.473648992771,3967900,Tokyo Marines,
171,2025-09-16,6421.21337890625,6447.7595067933225,6329.776716184112,6430.062088201941,3517900,Tokyo Marines,
172,2025-09-17,6284.55029296875,6410.398609223444,6275.701583232092,6381.88610007199,4573400,Tokyo Marines,
173,2025-09-18,6258.00390625,6325.844011439513,6238.340107644344,6311.096162485271,3265800,Tokyo Marines,
174,2025-09-19,6219.65966796875,6326.827373281521,6216.710098097757,6278.651065388624,5442800,Tokyo Marines,
175,2025-09-22,6168.53369140625,6258.003976060054,6168.53369140625,6238.340177235043,3058300,Tokyo Marines,
176,2025-09-24,6114.4580078125,6114.4580078125,5967.962712240211,5997.458409335302,6148800,Tokyo Marines,
177,2025-09-25,6065.298828125,6151.819544104089,6036.786319450073,6144.937214423934,5827300,Tokyo Marines,
178,2025-09-26,6170.5,6208.844407265775,6084.962476099427,6107.575844486934,5270100,Tokyo Marines,
179,2025-09-29,6098.0,6167.0,6092.0,6160.0,4281900,Tokyo Marines,
180,2025-09-30,6269.0,6269.0,6071.0,6092.0,5812100,Tokyo Marines,
181,2025-10-01,6141.0,6248.0,6066.0,6202.0,6274800,Tokyo Marines,
182,2025-10-02,6178.0,6217.0,6118.0,6119.0,5195200,Tokyo Marines,
183,2025-10-03,6150.0,6225.0,6120.0,6120.0,5801500,Tokyo Marines,
184,2025-10-06,6243.0,6314.0,6160.0,6306.0,5813200,Tokyo Marines,
185,2025-10-07,6176.0,6332.0,6152.0,6268.0,5021200,Tokyo Marines,
186,2025-10-08,6394.0,6416.0,6273.0,6306.0,6285400,Tokyo Marines,
187,2025-10-09,6396.0,6420.0,6307.0,6413.0,4502100,Tokyo Marines,
188,2025-10-10,6328.0,6356.0,6266.0,6347.0,4571300,Tokyo Marines,
189,2025-10-14,6177.0,6280.0,6151.0,6186.0,5810900,Tokyo Marines,
190,2025-10-15,6260.0,6263.0,6182.0,6197.0,4263300,Tokyo Marines,
191,2025-10-16,6191.0,6310.0,6173.0,6235.0,3965200,Tokyo Marines,
192,2025-10-17,5975.0,6090.0,5938.0,6066.0,7653200,Tokyo Marines,
193,2025-10-20,6101.0,6107.0,6053.0,6075.0,3889200,Tokyo Marines,
194,2025-10-21,5980.0,6089.0,5980.0,6070.0,6778300,Tokyo Marines,
195,2025-10-22,5941.0,5999.0,5941.0,5971.0,6502300,Tokyo Marines,
196,2025-10-23,5992.0,5997.0,5887.0,5920.0,4168300,Tokyo Marines,
197,2025-10-24,5941.0,6006.0,5941.0,5992.0,3159300,Tokyo Marines,
198,2025-10-27,6018.0,6034.0,5987.0,6011.0,3415000,Tokyo Marines,
199,2025-10-28,5913.0,6035.0,5913.0,6033.0,4288300,Tokyo Marines,
200,2025-10-29,5771.0,5874.0,5766.0,5861.0,6419000,Tokyo Marines,
201,2025-10-30,5791.0,5842.0,5759.0,5804.0,15905200,Tokyo Marines,
202,2025-10-31,5782.0,5808.0,5743.0,5792.0,6032200,Tokyo Marines,
203,2025-11-04,5717.0,5754.0,5633.0,5750.0,6839200,Tokyo Marines,
204,2025-11-05,5762.0,5829.0,5635.0,5782.0,6556600,Tokyo Marines,
205,2025-11-06,5860.0,5863.0,5752.0,5756.0,4962500,Tokyo Marines,
206,2025-11-07,5839.0,5854.0,5771.0,5790.0,3892600,Tokyo Marines,
207,2025-11-10,5868.0,5878.0,5818.0,5865.0,3041500,Tokyo Marines,
208,2025-11-11,5803.0,5898.0,5795.0,5898.0,2889100,Tokyo Marines,
209,2025-11-12,5855.0,5890.0,5827.0,5839.0,4520600,Tokyo Marines,
210,2025-11-13,5916.0,5935.0,5890.0,5930.0,3001400,Tokyo Marines,
211,2025-11-14,5922.0,5929.0,5857.0,5902.0,4164000,Tokyo Marines,
212,2025-11-17,6000.0,6027.0,5924.0,5929.0,4514100,Tokyo Marines,
213,2025-11-18,5800.0,6010.0,5790.0,5994.0,5947000,Tokyo Marines,
214,2025-11-19,5811.0,5887.0,5783.0,5870.0,4942400,Tokyo Marines,
215,2025-11-20,5350.0,5493.0,5332.0,5409.0,18655800,Tokyo Marines,
216,2025-11-21,5541.0,5541.0,5300.0,5300.0,16550800,Tokyo Marines,
217,2025-11-25,5456.0,5568.0,5420.0,5538.0,8219200,Tokyo Marines,
218,2025-11-26,5554.0,5574.0,5463.0,5478.0,6557900,Tokyo Marines,
219,2025-11-27,5507.0,5557.0,5486.0,5555.0,5202600,Tokyo Marines,
220,2025-11-28,5509.0,5534.0,5470.0,5530.0,5534400,Tokyo Marines,
221,2025-12-01,5485.0,5537.0,5451.0,5537.0,4703700,Tokyo Marines,
222,2025-12-02,5463.0,5533.0,5463.0,5518.0,5465300,Tokyo Marines,
223,2025-12-03,5479.0,5521.0,5443.0,5500.0,4607800,Tokyo Marines,
224,2025-12-04,5612.0,5615.0,5487.0,5500.0,5091000,Tokyo Marines,
225,2025-12-05,5529.0,5546.0,5495.0,5520.0,4206500,Tokyo Marines,
226,2025-12-08,5604.0,5604.0,5463.0,5485.0,4153300,Tokyo Marines,
227,2025-12-09,5546.0,5654.0,5543.0,5654.0,3338700,Tokyo Marines,
228,2025-12-10,5580.0,5595.0,5515.0,5531.0,3926600,Tokyo Marines,
229,2025-12-11,5554.0,5685.0,5552.0,5640.0,4202800,Tokyo Marines,
230,2025-12-12,5765.0,5789.0,5637.0,5654.0,5804800,Tokyo Marines,
231,2025-12-15,5846.0,5870.0,5752.0,5775.0,4727300,Tokyo Marines,
232,2025-12-16,5722.0,5865.0,5722.0,5849.0,4385800,Tokyo Marines,
233,2025-12-17,5836.0,5842.0,5722.0,5725.0,4139000,Tokyo Marines,
234,2025-12-18,5899.0,5917.0,5825.0,5875.0,5104500,Tokyo Marines,
235,2025-12-19,5954.0,6020.0,5954.0,5974.0,6975600,Tokyo Marines,
236,2025-12-22,5820.0,5998.0,5810.0,5997.0,5613900,Tokyo Marines,
237,2025-12-23,5902.0,5919.0,5855.0,5869.0,3192700,Tokyo Marines,
238,2025-12-24,5798.0,5893.0,5797.0,5855.0,3608900,Tokyo Marines,
239,2025-12-25,5790.0,5840.0,5777.0,5832.0,1698100,Tokyo Marines,
240,2025-12-26,5803.0,5819.0,5770.0,5785.0,2297500,Tokyo Marines,
241,2025-12-29,5836.0,5849.0,5785.0,5805.0,2843200,Tokyo Marines,
242,2025-12-30,5817.0,5867.0,5817.0,5864.0,2437600,Tokyo Marines,
243,2026-01-05,5911.0,5929.0,5865.0,5895.0,4528100,Tokyo Marines,
244,2026-01-06,6021.0,6068.0,5955.0,5956.0,5425400,Tokyo Marines,
245,2026-01-07,5899.0,5930.0,5868.0,5868.0,6021100,Tokyo Marines,
246,2026-01-08,5905.0,5918.0,5873.0,5880.0,4043700,Tokyo Marines,
247,2026-01-09,5955.0,5967.0,5914.0,5916.0,4659100,Tokyo Marines,
248,2026-01-13,6036.0,6075.0,5965.0,6018.0,6517300,Tokyo Marines,
249,2026-01-14,6053.0,6058.0,5971.0,6036.0,5645100,Tokyo Marines,
250,2026-01-15,6053.0,6062.0,5995.0,6019.0,5770600,Tokyo Marines,
251,2026-01-16,6035.0,6065.0,5996.0,6000.0,3956600,Tokyo Marines,
252,2026-01-19,6059.0,6059.0,5962.0,6039.0,3850700,Tokyo Marines,
253,2026-01-20,5984.0,6055.0,5984.0,6047.0,4394600,Tokyo Marines,
254,2026-01-21,5819.0,5930.0,5809.0,5912.0,7341900,Tokyo Marines,
255,2026-01-22,5811.0,5872.0,5793.0,5852.0,6064100,Tokyo Marines,
256,2026-01-23,5860.0,5893.0,5777.0,5800.0,5465400,Tokyo Marines,
257,2026-01-26,5678.0,5730.0,5632.0,5716.0,6638300,Tokyo Marines,
258,2026-01-27,5638.0,5673.0,5593.0,5650.0,5362100,Tokyo Marines,
259,2026-01-28,5581.0,5599.0,5547.0,5580.0,4696000,Tokyo Marines,
260,2026-01-29,5651.0,5680.0,5529.0,5560.0,4698600,Tokyo Marines,
261,2026-01-30,5727.0,5740.0,5664.0,5720.0,4792200,Tokyo Marines,
262,2026-02-02,5755.0,5857.0,5740.0,5827.0,5238400,Tokyo Marines,
263,2026-02-03,5950.0,5974.0,5869.0,5895.0,5922700,Tokyo Marines,
264,2026-02-04,5871.0,5935.0,5841.0,5900.0,5467900,Tokyo Marines,
265,2026-02-05,5970.0,6005.0,5918.0,5955.0,5770300,Tokyo Marines,
266,2026-02-06,6041.0,6041.0,5950.0,5995.0,3761100,Tokyo Marines,
0,2025-01-06,4861.52880859375,4940.625110638331,4835.484904261998,4922.297918701172,3518300,Canon,
1,2025-01-07,4868.28125,4902.041868932039,4817.15802704577,4880.820908460471,2747500,Canon,
2,2025-01-08,4874.068359375,4896.253907023055,4811.370072543538,4871.174592290471,3133300,Canon,
3,2025-01-09,4861.52880859375,4895.289425320096,4842.237027607267,4884.67894577753,2124600,Canon,
4,2025-01-10,4794.00732421875,4874.068211122202,4777.609311238525,4828.7325281768735,2978900,Canon,
5,2025-01-14,4769.89306640625,4856.706084803937,4737.097037233791,4802.689095578709,3425500,Canon,
6,2025-01-15,4746.74267578125,4821.016032016803,4718.769593562665,4811.370141596602,2405200,Canon,
7,2025-01-16,4741.919921875,4769.893005222106,4712.017660366024,4723.592729337241,2265100,Canon,
8,2025-01-17,4709.1240234375,4721.663681836658,4654.142444302733,4678.25717199342,2243100,Canon,
9,2025-01-20,4751.56591796875,4776.645234628756,4716.840710285665,4722.6282448995125,1429700,Canon,
10,2025-01-21,4726.48681640625,4805.5831263950895,4709.124211774554,4788.220521763393,1470600,Canon,
11,2025-01-22,4727.45068359375,4765.069654550729,4716.840204605884,4734.202806586028,2504000,Canon,
12,2025-01-23,4772.78662109375,4796.901347352307,4732.273880979373,4756.388607237931,1861400,Canon,
13,2025-01-24,4777.609375,4820.051291515243,4767.963484882899,4796.901155234202,1855000,Canon,
14,2025-01-27,4789.1845703125,4829.697309880098,4767.963611491377,4795.936693573766,2241000,Canon,
15,2025-01-28,4778.57421875,4792.078465633831,4710.088395267713,4737.096889035375,2009900,Canon,
16,2025-01-29,4799.794921875,4825.838825189033,4772.786429549337,4783.396908677276,1721700,Canon,
17,2025-01-30,4890.466796875,4914.581524670241,4822.945559048323,4842.237341284516,4009800,Canon,
18,2025-01-31,4840.30810546875,4916.510644395022,4768.928512044141,4907.829342492029,7941600,Canon,
19,2025-02-03,4748.67236328125,4792.07887482861,4686.938657969448,4750.601541572244,5578000,Canon,
20,2025-02-04,4892.39599609375,4975.350660065372,4863.458322615278,4874.068802890718,4942400,Canon,
21,2025-02-05,4797.8662109375,4904.935601652028,4779.53901793231,4890.4667650689835,3216900,Canon,
22,2025-02-06,4708.1591796875,4842.2370583960765,4708.1591796875,4834.520345952417,3573600,Canon,
23,2025-02-07,4591.44384765625,4683.07980680065,4583.727135307248,4671.504738277147,4449100,Canon,
24,2025-02-10,4650.28369140625,4676.327595091786,4593.372938908227,4593.372938908227,2686500,Canon,
25,2025-02-12,4835.48486328125,4842.2369865692945,4709.123698890697,4717.80500026104,5214900,Canon,
26,2025-02-13,4986.92578125,5013.9342767770795,4890.466868653288,4907.829472920696,5334600,Canon,
27,2025-02-14,5000.4296875,5006.217221860533,4904.935370551215,4986.925440658758,3432700,Canon,
28,2025-02-17,4946.41259765625,4986.925337340642,4910.722803172381,4986.925337340642,2200400,Canon,
29,2025-02-18,4961.84619140625,4998.500576179469,4932.908519216867,4946.412766238579,2214000,Canon,
30,2025-02-19,5001.39453125,5001.39453125,4906.864798547493,4986.925694611861,3045800,Canon,
31,2025-02-20,4930.9794921875,5012.96956590345,4924.227368469716,5001.394496672963,2954400,Canon,
32,2025-02-21,4945.4482421875,4953.164954872794,4889.502075219122,4894.32502064743,2879300,Canon,
33,2025-02-25,4958.95263671875,5047.694835236183,4957.98804760443,4976.315240776508,4346200,Canon,
34,2025-02-26,4938.69580078125,4958.952170276642,4864.422445964813,4958.952170276642,3647500,Canon,
35,2025-02-27,4927.12060546875,4954.129097432949,4894.324579512224,4919.40389347898,2520600,Canon,
36,2025-02-28,4883.71435546875,4933.872986020671,4840.307848260357,4919.40415028454,3844600,Canon,
37,2025-03-03,4991.74853515625,4999.465247867603,4920.368942576238,4933.873189821105,2485400,Canon,
38,2025-03-04,4948.34228515625,5011.040579217684,4925.19214581049,4976.315370199044,3453000,Canon,
39,2025-03-05,4901.0771484375,4992.713111653709,4901.0771484375,4931.943999205065,3165700,Canon,
40,2025-03-06,4974.3857421875,4995.606701335866,4888.537316541837,4890.4664946462335,3220500,Canon,
41,2025-03-07,4749.63623046875,4860.563965339567,4736.131984484477,4842.236774360911,4076300,Canon,
42,2025-03-10,4629.06298828125,4752.53039034418,4596.266959608284,4749.63662310833,4631400,Canon,
43,2025-03-11,4606.87744140625,4619.417099433528,4524.88736968943,4561.541754692244,3593800,Canon,
44,2025-03-12,4576.97509765625,4623.275372616735,4550.931192990977,4606.87735856823,2864100,Canon,
45,2025-03-13,4572.15185546875,4613.629182427643,4554.7892534859575,4593.372813447719,3077200,Canon,
46,2025-03-14,4697.548828125,4742.884514967274,4628.098414238963,4639.673483219969,6582300,Canon,
47,2025-03-17,4730.3447265625,4783.397124596949,4730.3447265625,4764.105343493513,2290000,Canon,
48,2025-03-18,4725.52197265625,4781.468140121868,4657.03614696558,4779.538961933398,3086000,Canon,
49,2025-03-19,4741.919921875,4777.609717869584,4736.132387389392,4745.778278198739,1943600,Canon,
50,2025-03-21,4691.76123046875,4739.990683906956,4673.434038162231,4727.451026013023,3632700,Canon,
51,2025-03-24,4620.3818359375,4692.72601917243,4620.3818359375,4686.938484513636,2350800,Canon,
52,2025-03-25,4669.57568359375,4700.442533805483,4654.142258487884,4676.327807077567,2667900,Canon,
53,2025-03-26,4678.2568359375,4702.37156189594,4657.035877094072,4702.37156189594,2680400,Canon,
54,2025-03-27,4694.65478515625,4694.65478515625,4631.956498524823,4649.319100976602,3265000,Canon,
55,2025-03-28,4646.42578125,4687.903113322607,4621.346464182842,4682.115578614802,2959500,Canon,
56,2025-03-31,4480.51611328125,4562.50618209264,4476.657757101891,4557.683236868441,4242700,Canon,
57,2025-04-01,4531.6396484375,4589.51499516084,4523.922935541054,4544.179306894223,3825600,Canon,
58,2025-04-02,4528.74560546875,4568.293756656018,4499.807933868311,4532.603961682142,3083900,Canon,
59,2025-04-03,4304.9609375,4329.075663791172,4189.210251302375,4258.66066302095,7540000,Canon,
60,2025-04-04,4132.29931640625,4297.244037019104,4077.3177428686317,4195.962191028755,7384900,Canon,
61,2025-04-07,3851.604248046875,3962.5319937331737,3755.1453387544416,3794.693491564339,8754500,Canon,
62,2025-04-08,4023.30078125,4139.051463040938,3974.1067414888516,3974.1067414888516,6370000,Canon,
63,2025-04-09,3872.824951171875,4008.8320042516348,3843.887280303841,3974.106799209994,6321800,Canon,
64,2025-04-10,4254.80224609375,4277.9523830028975,4215.254095540623,4255.766835131631,5568500,Canon,
65,2025-04-11,4065.742919921875,4085.9992903414145,4005.9383977308535,4028.1239462855874,5371400,Canon,
66,2025-04-14,4096.60986328125,4179.564524981788,4091.786917833544,4100.468219639414,2692900,Canon,
67,2025-04-15,4151.59130859375,4227.793844230113,4151.59130859375,4223.935487995361,3422700,Canon,
68,2025-04-16,4085.99951171875,4186.316780183988,4056.09724900315,4151.5915718690985,2695100,Canon,
69,2025-04-17,4117.83056640625,4120.724333494378,4061.8844027024406,4070.565703966825,2250900,Canon,
70,2025-04-18,4128.44091796875,4140.98057496258,4090.8219469872593,4116.865849974445,1184800,Canon,
71,2025-04-21,4007.86767578125,4100.468228579084,4005.9384975979615,4098.539050395795,2335300,Canon,
72,2025-04-22,4003.04443359375,4012.6903237951806,3960.6025167074545,3989.5401873117466,2307900,Canon,
73,2025-04-23,4113.97265625,4142.9103302681715,4081.1766256960727,4132.299849794842,3420700,Canon,
74,2025-04-24,4136.158203125,4185.352248917765,4115.901831327979,4167.0250553871265,2934200,Canon,
75,2025-04-25,4178.599609375,4293.38570206097,4118.795090496595,4136.157692751616,6761400,Canon,
76,2025-04-28,4246.12109375,4293.385958264709,4217.183421598137,4228.758490458882,3794300,Canon,
77,2025-04-30,4248.05029296875,4275.058787111149,4230.687689591494,4246.121114815722,4377400,Canon,
78,2025-05-01,4297.24462890625,4297.24462890625,4201.7503038194445,4224.900443234428,3106500,Canon,
79,2025-05-02,4374.41162109375,4397.561759772085,4317.500863509509,4322.323809067496,4035500,Canon,
80,2025-05-07,4369.58837890625,4483.4098863479585,4352.2257760761595,4483.4098863479585,5067500,Canon,
81,2025-05-08,4377.30517578125,4393.703189881797,4331.004900673824,4361.871750745441,2971100,Canon,
82,2025-05-09,4470.87060546875,4507.524992309702,4423.60573822647,4444.826699029126,4731500,Canon,
83,2025-05-12,4517.17041015625,4532.603834577028,4472.799314946516,4485.338972288397,2712600,Canon,
84,2025-05-13,4595.30224609375,4617.487794301172,4565.399985466356,4584.691766516287,3942400,Canon,
85,2025-05-14,4541.28564453125,4655.107162384837,4541.28564453125,4595.302636054986,4265900,Canon,
86,2025-05-15,4434.2158203125,4495.949518920288,4418.782395660553,4490.161984675808,3494200,Canon,
87,2025-05-16,4351.26123046875,4427.463765872659,4319.4297916291425,4422.64082059393,3594900,Canon,
88,2025-05-19,4323.2880859375,4365.730003782491,4323.2880859375,4352.225757195449,1853500,Canon,
89,2025-05-20,4283.73974609375,4377.304879030272,4271.200089102257,4355.119332045324,2622100,Canon,
90,2025-05-21,4264.4482421875,4303.996393721019,4263.483653125707,4292.421324979501,2160000,Canon,
91,2025-05-22,4203.67919921875,4252.873242165091,4195.962486599716,4227.793926153231,2645600,Canon,
92,2025-05-23,4220.0771484375,4236.4751625,4200.7853671875,4236.4751625,2255900,Canon,
93,2025-05-26,4194.033203125,4213.3249841881325,4179.564367327651,4186.316490699747,1931800,Canon,
94,2025-05-27,4194.033203125,4234.545943357578,4174.7414220618675,4224.900052826012,2193800,Canon,
95,2025-05-28,4205.6083984375,4269.271277863389,4205.6083984375,4261.554565205705,2681900,Canon,
96,2025-05-29,4286.6337890625,4294.350501554062,4246.121048481801,4255.766939096254,3212900,Canon,
97,2025-05-30,4275.05908203125,4289.527919177113,4221.042090020024,4222.97126830614,4914900,Canon,
98,2025-06-02,4178.599609375,4238.404128253404,4170.8828972616575,4235.5103612109015,2943600,Canon,
99,2025-06-03,4157.37890625,4185.3519893779,4141.945481075986,4175.706098644142,3290000,Canon,
100,2025-06-04,4138.0869140625,4163.166228693181,4128.44102381993,4141.945270159528,2337200,Canon,
101,2025-06-05,4130.37060546875,4149.662387838992,4091.7870407282667,4100.468342794876,2449800,Canon,
102,2025-06-06,4157.37890625,4167.024796983758,4128.441234048724,4146.768426442865,1913600,Canon,
103,2025-06-09,4140.01611328125,4190.174742799103,4140.01611328125,4176.67049639045,2172300,Canon,
104,2025-06-10,4174.74169921875,4200.785605383007,4149.662382171688,4153.520738640466,2668000,Canon,
105,2025-06-11,4198.8564453125,4207.537747404807,4142.910276273188,4159.308291336435,2504500,Canon,
106,2025-06-12,4156.4140625,4188.245499970991,4142.909816300185,4187.280910956719,2658500,Canon,
107,2025-06-13,4063.81396484375,4129.406025040611,4052.238895397245,4129.406025040611,4590700,Canon,
108,2025-06-16,4076.353271484375,4104.326353565077,4058.0260797763285,4104.326353565077,2446100,Canon,
109,2025-06-17,4098.5390625,4098.5390625,4055.132553247823,4058.0263205313013,2123000,Canon,
110,2025-06-18,4134.228515625,4140.980638725648,4071.5302296904165,4072.4948187047944,2369800,Canon,
111,2025-06-19,4114.93701171875,4125.5474915895675,4086.9639284229593,4113.007833560419,1519600,Canon,
112,2025-06-20,4061.88427734375,4129.405507316218,4061.88427734375,4114.936672322117,3967100,Canon,
113,2025-06-23,4057.0615234375,4065.742824842858,3993.3986464648715,4060.9198796176593,1992200,Canon,
114,2025-06-24,4063.81396484375,4108.1850643886855,4050.309717156161,4090.822460218928,2389600,Canon,
115,2025-06-25,4059.955322265625,4076.353336159309,4048.3802536347894,4067.672034686182,2859000,Canon,
116,2025-06-26,4070.565673828125,4093.715810361745,4050.309304361208,4056.0968384946127,3941300,Canon,
117,2025-06-27,4118.744140625,4146.274538318364,4110.878312712611,4122.677054581195,4034000,Canon,
118,2025-06-30,4118.744140625,4146.274538318364,4102.0292563111725,4129.559654004535,3662800,Canon,
119,2025-07-01,4017.4716796875,4103.012559798321,4014.5219941664373,4100.062874277258,3941200,Canon,
120,2025-07-02,4060.733642578125,4065.649785002554,4010.588989848952,4026.320645607124,3500900,Canon,
121,2025-07-03,4092.197021484375,4103.995763497304,4042.0523679294247,4046.968510434812,3465500,Canon,
122,2025-07-04,4075.482177734375,4121.693917747286,4073.515720712549,4121.693917747286,2085300,Canon,
123,2025-07-07,4004.689697265625,4074.498921057881,4004.689697265625,4074.498921057881,2336200,Canon,
124,2025-07-08,3993.874267578125,4019.438209221904,3959.461269211499,3987.9748964295604,3765100,Canon,
125,2025-07-09,4047.95166015625,4061.716858903442,3982.075351866119,4016.488348734098,3330100,Canon,
126,2025-07-10,3949.62890625,4008.6226165748694,3948.6456777445856,4001.7400170369683,4087300,Canon,
127,2025-07-11,3957.49462890625,3974.2095130531834,3937.8300593216227,3969.2933706570266,2882000,Canon,
128,2025-07-14,3942.746337890625,3954.545080048901,3908.3333399289863,3933.897281271918,2383300,Canon,
129,2025-07-15,3930.947509765625,3964.3772784829916,3929.964281273938,3953.561765074432,2794400,Canon,
130,2025-07-16,3934.88037109375,3969.293367842446,3911.2828876089297,3914.2325730445323,2823600,Canon,
131,2025-07-17,3961.427734375,3961.427734375,3895.5514230810995,3906.3669368756205,2954100,Canon,
132,2025-07-18,3933.897216796875,3986.991555638922,3933.897216796875,3981.0921846564725,2391000,Canon,
133,2025-07-22,3889.65185546875,3980.108875363372,3889.65185546875,3911.28288196529,3587600,Canon,
134,2025-07-23,4081.381591796875,4104.979076307384,3959.4612551592427,3972.2432259357684,6917400,Canon,
135,2025-07-24,4175.771484375,4187.570226501795,4063.683434170444,4081.3815473606373,6863700,Canon,
136,2025-07-25,3972.2431640625,4093.180270295096,3972.2431640625,4031.236874419864,8364900,Canon,
137,2025-07-28,4015.505126953125,4025.3374117889557,3978.14244457697,3982.075358511302,3664100,Canon,
138,2025-07-29,4018.454833984375,4022.3877479398284,3958.4778961637126,3982.0753798964324,3543500,Canon,
139,2025-07-30,4217.06689453125,4217.06689453125,4110.878220106122,4129.559560977209,18818900,Canon,
140,2025-07-31,4227.8828125,4234.765412427325,4171.838784520349,4207.235012718023,5816600,Canon,
141,2025-08-01,4292.77587890625,4315.390135712215,4238.69830828329,4241.647993953633,5464600,Canon,
142,2025-08-04,4206.25146484375,4211.167607275779,4171.838467819549,4190.5198090612585,3094200,Canon,
143,2025-08-05,4219.03369140625,4255.413147612736,4185.603920838128,4232.798891051947,3111500,Canon,
144,2025-08-06,4245.58056640625,4252.463165749659,4193.469457091861,4214.117255122091,2261000,Canon,
145,2025-08-07,4257.37939453125,4275.077507487731,4218.050254627959,4238.698053077187,2323300,Canon,
146,2025-08-08,4327.1884765625,4351.769188199415,4267.211540168428,4276.060596357717,4756000,Canon,
147,2025-08-12,4348.81982421875,4407.813536507496,4338.004310299147,4350.786281295042,4987700,Canon,
148,2025-08-13,4363.56787109375,4406.829922992832,4348.819444309972,4366.517556450505,3381300,Canon,
149,2025-08-14,4277.0439453125,4318.339542025862,4267.211660380747,4306.5408001077585,3456000,Canon,
150,2025-08-15,4289.826171875,4290.809400426885,4243.614429936397,4277.044200700493,3483100,Canon,
151,2025-08-18,4320.30615234375,4320.30615234375,4262.295669187564,4266.228583299848,2455900,Canon,
152,2025-08-19,4323.255859375,4342.9204300339725,4282.9434895241075,4306.540974314874,2401200,Canon,
153,2025-08-20,4262.29541015625,4327.188489065203,4257.379267814663,4293.758721142409,3011500,Canon,
154,2025-08-21,4308.50732421875,4401.914032525638,4303.591181676282,4360.618435168908,4398500,Canon,
155,2025-08-22,4233.78173828125,4304.574187226037,4220.01653987532,4277.043790414175,3143000,Canon,
156,2025-08-25,4293.7587890625,4319.322729643133,4255.412878191551,4257.379335159291,2799900,Canon,
157,2025-08-26,4282.943359375,4295.725329914916,4230.832248712265,4270.161388835084,10096400,Canon,
158,2025-08-27,4279.01025390625,4281.959939283483,4238.697887084064,4247.546943215763,2670700,Canon,
159,2025-08-28,4287.859375,4303.591030583581,4254.429606884889,4258.362520780784,2548300,Canon,
160,2025-08-29,4277.0439453125,4294.742058189655,4245.580633530891,4267.211660380747,3291300,Canon,
161,2025-09-01,4286.87646484375,4291.792607578663,4239.68149458859,4252.463465699362,2016500,Canon,
162,2025-09-02,4294.7421875,4343.903613638965,4285.893130794986,4286.8763593177655,2597100,Canon,
163,2025-09-03,4294.7421875,4338.004242502289,4275.077617044414,4286.8763593177655,2754200,Canon,
164,2025-09-04,4255.4130859375,4284.9099418936285,4232.7988297044685,4267.211828319952,2691500,Canon,
165,2025-09-05,4340.95361328125,4340.95361328125,4287.859276901366,4296.70833296468,2675400,Canon,
166,2025-09-08,4401.9140625,4401.9140625,4350.786179710185,4355.702322286129,2424100,Canon,
167,2025-09-09,4288.8427734375,4394.048224321914,4288.8427734375,4389.132081757221,3441400,Canon,
168,2025-09-10,4319.32275390625,4319.32275390625,4261.312273032026,4289.825899224441,2345700,Canon,
169,2025-09-11,4331.12158203125,4342.92032413894,4291.792441672283,4303.591183779973,2289400,Canon,
170,2025-09-12,4349.802734375,4360.618247502966,4327.1884796528875,4350.785962841179,3382400,Canon,
171,2025-09-16,4323.255859375,4385.199256950762,4319.322945243206,4349.803029764613,2671700,Canon,
172,2025-09-17,4293.7587890625,4339.970527804414,4290.809103610889,4338.004070836673,2603100,Canon,
173,2025-09-18,4331.12158203125,4345.870009665862,4272.127871492799,4293.758898690231,1904800,Canon,
174,2025-09-19,4290.80908203125,4395.031300797362,4251.479942874226,4359.635075556041,7881500,Canon,
175,2025-09-22,4366.517578125,4379.299548067721,4279.993473897349,4285.892844640143,2482100,Canon,
176,2025-09-24,4337.02099609375,4355.702337949516,4319.322882756709,4340.953910168648,2208900,Canon,
177,2025-09-25,4336.03759765625,4346.853110938386,4318.339485012755,4337.020826136444,2263500,Canon,
178,2025-09-26,4348.81982421875,4375.366994748686,4312.440368307356,4345.870138604312,3226600,Canon,
179,2025-09-29,4265.2451171875,4345.869851998329,4265.2451171875,4336.037567265301,3003400,Canon,
180,2025-09-30,4264.26220703125,4294.742291978902,4243.614407550583,4247.5473217373765,3083500,Canon,
181,2025-10-01,4198.3857421875,4241.647796673741,4190.519914099093,4237.714882629538,3057000,Canon,
182,2025-10-02,4167.90576171875,4187.570332427496,4114.811420805136,4152.174105151753,3567600,Canon,
183,2025-10-03,4284.90966796875,4284.90966796875,4164.955794748881,4165.939023217897,3324700,Canon,
184,2025-10-06,4417.6455078125,4444.192676455041,4370.4505413368715,4385.198968360505,5370800,Canon,
185,2025-10-07,4488.43798828125,4503.186415405942,4396.0145116331805,4429.444279782482,4066000,Canon,
186,2025-10-08,4453.0419921875,4535.633188333172,4444.192935457607,4520.884760450017,3771400,Canon,
187,2025-10-09,4429.4443359375,4482.538674259503,4415.679137113277,4459.92441904828,3087700,Canon,
188,2025-10-10,4347.83642578125,4431.410848257823,4343.903511782352,4427.477934258925,3189900,Canon,
189,2025-10-14,4281.9599609375,4325.2220133556975,4245.580507767652,4264.261848584601,3823800,Canon,
190,2025-10-15,4338.9873046875,4343.9034471129335,4286.876194977906,4311.456907105073,2117300,Canon,
191,2025-10-16,4379.2998046875,4379.2998046875,4330.1383789501015,4363.568148451533,2464000,Canon,
192,2025-10-17,4332.10498046875,4353.736008514667,4307.524266780208,4325.222380635958,2085800,Canon,
193,2025-10-20,4431.41064453125,4432.393872985772,4383.232450259666,4395.031191713932,2180200,Canon,
194,2025-10-21,4434.3603515625,4468.773347638928,4424.528066969236,4443.209407696439,2004100,Canon,
195,2025-10-22,4489.42138671875,4509.085956962809,4417.645705327934,4424.528304913354,2655500,Canon,
196,2025-10-23,4434.3603515625,4469.756576098254,4426.494523887888,4464.840433801622,2230900,Canon,
197,2025-10-24,4475.65625,4492.371134940686,4442.226480118629,4470.740107370387,2208400,Canon,
198,2025-10-27,4573.97900390625,4573.97900390625,4503.1865515672025,4522.851121661382,4690700,Canon,
199,2025-10-28,4324.23876953125,4396.014447151937,4324.23876953125,4367.500821795774,7998700,Canon,
200,2025-10-29,4296.70849609375,4368.484175776781,4296.70849609375,4326.205350758009,4014900,Canon,
201,2025-10-30,4339.970703125,4356.6855880260255,4276.060849091668,4311.457075940898,3842000,Canon,
202,2025-10-31,4358.65185546875,4375.366739642666,4317.35625927437,4347.836342179746,3157100,Canon,
203,2025-11-04,4327.1884765625,4378.316356767283,4288.842566408913,4327.1884765625,3467700,Canon,
204,2025-11-05,4295.72509765625,4359.634946900393,4246.563675160756,4334.071007202735,3916400,Canon,
205,2025-11-06,4262.29541015625,4331.121402938473,4262.29541015625,4329.154946001838,2751200,Canon,
206,2025-11-07,4322.2724609375,4322.2724609375,4262.2955227852735,4263.278751279572,2407300,Canon,
207,2025-11-10,4374.3837890625,4374.3837890625,4327.188818984954,4349.803075480445,2119700,Canon,
208,2025-11-11,4362.5849609375,4381.266302893284,4351.769447173626,4375.366931749352,2201500,Canon,
209,2025-11-12,4383.23291015625,4437.310480828882,4346.853453521934,4400.931024194566,3066800,Canon,
210,2025-11-13,4409.77978515625,4422.561755548008,4379.299701914368,4401.913957222861,2203600,Canon,
211,2025-11-14,4453.0419921875,4463.857505968481,4365.534653414109,4401.914108859227,2707200,Canon,
212,2025-11-17,4444.19287109375,4452.058699184181,4396.014674039858,4424.5283008676715,2478900,Canon,
213,2025-11-18,4326.20556640625,4424.5284201882105,4326.20556640625,4414.696134810014,3555100,Canon,
214,2025-11-19,4308.50732421875,4367.501034728363,4304.574410184776,4326.205437371634,2998000,Canon,
215,2025-11-20,4375.36669921875,4447.142377655372,4370.450556860077,4404.863553370787,3012200,Canon,
216,2025-11-21,4408.79638671875,4450.091981777222,4326.205196601806,4326.205196601806,7356100,Canon,
217,2025-11-25,4421.57861328125,4450.092240095828,4410.763099661927,4445.17609754159,2775200,Canon,
218,2025-11-26,4494.33740234375,4502.203230219215,4438.293378731063,4446.159206606528,3118400,Canon,
219,2025-11-27,4510.0693359375,4542.515877922662,4503.186736122466,4522.851307022564,2259000,Canon,
220,2025-11-28,4528.75048828125,4529.733716785002,4492.37103364243,4504.169775687453,1899600,Canon,
221,2025-12-01,4449.10888671875,4535.6329932449935,4449.10888671875,4534.649764761741,2668500,Canon,
222,2025-12-02,4517.93505859375,4533.6667149457635,4466.807175449708,4481.555603279719,2514800,Canon,
223,2025-12-03,4500.23681640625,4547.431784111624,4500.23681640625,4516.951700801903,2387800,Canon,
224,2025-12-04,4566.11328125,4566.11328125,4490.404684640127,4503.186655496339,2265800,Canon,
225,2025-12-05,4454.02490234375,4521.867665756933,4454.02490234375,4504.169553562189,2897700,Canon,
226,2025-12-08,4499.25341796875,4508.102474079265,4431.410654454798,4449.1087666758285,1895000,Canon,
227,2025-12-09,4557.26416015625,4600.526214751045,4518.918248129045,4530.716990291262,2972400,Canon,
228,2025-12-10,4652.63720703125,4683.117290171142,4581.84475586763,4621.173895402974,4898700,Canon,
229,2025-12-11,4601.50927734375,4687.050154935397,4595.609906475361,4684.1004695012025,3327900,Canon,
230,2025-12-12,4699.83203125,4704.748173542102,4614.291155367417,4622.156983034781,3484900,Canon,
231,2025-12-15,4713.59765625,4750.960341051315,4656.570400500626,4697.865999491552,3115000,Canon,
232,2025-12-16,4653.62060546875,4712.614316926203,4646.738005798714,4710.647859877621,3410500,Canon,
233,2025-12-17,4602.49267578125,4649.687644471167,4602.49267578125,4646.737958928047,2839100,Canon,
234,2025-12-18,4586.7607421875,4627.073108839095,4586.7607421875,4620.190509654676,2571500,Canon,
235,2025-12-19,4575.9453125,4627.073193086592,4557.263971516437,4586.76082570101,5703900,Canon,
236,2025-12-22,4676.23486328125,4704.748490496379,4600.526266882458,4608.392095079735,2771700,Canon,
237,2025-12-23,4667.3857421875,4687.050312409482,4650.670857498815,4683.117398365086,1904000,Canon,
238,2025-12-24,4668.369140625,4690.000168656539,4648.7045696872365,4685.084025922099,2143700,Canon,
239,2025-12-25,4670.33544921875,4705.7316757812505,4653.620564453126,4699.8323046875,1680600,Canon,
240,2025-12-26,4690.0,4693.932914046121,4661.486373165619,4680.167714884697,3450400,Canon,
241,2025-12-29,4682.0,4694.0,4653.0,4675.0,3384700,Canon,
242,2025-12-30,4633.0,4675.0,4628.0,4645.0,3400100,Canon,
243,2026-01-05,4730.0,4730.0,4643.0,4656.0,3912800,Canon,
244,2026-01-06,4742.0,4760.0,4695.0,4730.0,3509200,Canon,
245,2026-01-07,4659.0,4722.0,4659.0,4717.0,3826700,Canon,
246,2026-01-08,4653.0,4676.0,4612.0,4648.0,2883800,Canon,
247,2026-01-09,4675.0,4688.0,4630.0,4630.0,2725700,Canon,
248,2026-01-13,4724.0,4758.0,4700.0,4730.0,4313100,Canon,
249,2026-01-14,4822.0,4825.0,4727.0,4750.0,4591100,Canon,
250,2026-01-15,4778.0,4987.0,4770.0,4822.0,8350000,Canon,
251,2026-01-16,4733.0,4770.0,4680.0,4769.0,5080900,Canon,
252,2026-01-19,4667.0,4719.0,4602.0,4710.0,4365700,Canon,
253,2026-01-20,4676.0,4680.0,4638.0,4657.0,3234500,Canon,
254,2026-01-21,4640.0,4651.0,4594.0,4620.0,3437700,Canon,
255,2026-01-22,4672.0,4709.0,4650.0,4674.0,2814500,Canon,
256,2026-01-23,4643.0,4695.0,4631.0,4694.0,2314000,Canon,
257,2026-01-26,4494.0,4573.0,4493.0,4573.0,4207900,Canon,
258,2026-01-27,4511.0,4514.0,4469.0,4500.0,2586400,Canon,
259,2026-01-28,4468.0,4488.0,4443.0,4477.0,3068000,Canon,
260,2026-01-29,4552.0,4570.0,4410.0,4452.0,6441100,Canon,
261,2026-01-30,4685.0,4701.0,4612.0,4665.0,6539300,Canon,
262,2026-02-02,4768.0,4827.0,4742.0,4774.0,6137800,Canon,
263,2026-02-03,4816.0,4824.0,4767.0,4790.0,4272500,Canon,
264,2026-02-04,4854.0,4890.0,4798.0,4800.0,3998500,Canon,
265,2026-02-05,4876.0,4957.0,4860.0,4900.0,3714800,Canon,
266,2026-02-06,4870.0,4897.0,4837.0,4876.0,2934900,Canon,
0,2025-01-06,1843.5509033203125,1892.5163987604271,1833.7578042322896,1861.668136633155,12325900,Suzuki,
1,2025-01-07,1846.978515625,1877.8267782136465,1840.1233461608563,1862.157819438461,5901100,Suzuki,
2,2025-01-08,1825.43359375,1840.1232417683743,1825.43359375,1832.2887628252413,4368500,Suzuki,
3,2025-01-09,1770.59228515625,1814.1715753605936,1764.7164258028554,1809.7646808455474,5188300,Suzuki,
4,2025-01-10,1732.399169921875,1761.7784661896287,1731.4198600462832,1742.6819236155889,6256200,Suzuki,
5,2025-01-14,1724.0750732421875,1744.640581074102,1706.4474951005461,1726.523347984082,5591900,Suzuki,
6,2025-01-15,1728.9715576171875,1745.6198252351383,1717.7094942285737,1739.254311145922,6234200,Suzuki,
7,2025-01-16,1703.9991455078125,1745.1301593648977,1682.4543287255299,1743.1715396574175,7559300,Suzuki,
8,2025-01-17,1707.4267578125,1711.8336522261257,1670.7026376989534,1689.3095252231503,4472000,Suzuki,
9,2025-01-20,1743.6612548828125,1761.778487803527,1717.2198879174455,1719.1785076926578,4229400,Suzuki,
10,2025-01-21,1772.5509033203125,1779.8957275053415,1726.033683481796,1771.0819384833069,4371800,Suzuki,
11,2025-01-22,1812.2130126953125,1819.0681821570079,1768.1440661558427,1792.6268142333258,6151800,Suzuki,
12,2025-01-23,1827.8819580078125,1834.737127419039,1797.0336956572921,1799.481970447016,6271300,Suzuki,
13,2025-01-24,1828.37158203125,1855.7922592122222,1809.7646939441618,1852.8543295142608,5240600,Suzuki,
14,2025-01-27,1830.81982421875,1849.9163669158697,1823.964655045425,1844.0405076244483,4287600,Suzuki,
15,2025-01-28,1817.59912109375,1847.9577271033977,1808.2956773165997,1820.0473957719473,4574500,Suzuki,
16,2025-01-29,1841.1025390625,1853.3439123275432,1818.0887573242187,1824.9439263526428,4058800,Suzuki,
17,2025-01-30,1833.2681884765625,1845.5095625983345,1814.6612998114692,1836.2061182657878,6840900,Suzuki,
18,2025-01-31,1830.3302001953125,1836.2060595859878,1809.7646923279494,1831.3095100937585,4709100,Suzuki,
19,2025-02-03,1829.350830078125,1893.985281247909,1798.5025692925465,1801.4404988911729,13247500,Suzuki,
20,2025-02-04,1867.0543212890625,1886.1508643077548,1849.4267431179621,1862.6474267462875,8889100,Suzuki,
21,2025-02-05,1897.902587890625,1911.1232715524018,1867.5439809635818,1893.9853482871356,7132700,Suzuki,
22,2025-02-06,1901.3302001953125,1972.8198239986903,1818.0888574105577,1907.6957146435584,15691500,Suzuki,
23,2025-02-07,1880.2750244140625,1919.4474207560222,1850.4060722033184,1904.2681171735128,7611400,Suzuki,
24,2025-02-10,1901.81982421875,1904.7577539163071,1856.7715688562048,1856.7715688562048,4250800,Suzuki,
25,2025-02-12,1911.6129150390625,1917.4887744090595,1878.8060335565785,1895.9439567190702,6481000,Suzuki,
26,2025-02-13,1915.04052734375,1941.971549845388,1901.8198435702186,1939.0336201179366,5426300,Suzuki,
27,2025-02-14,1893.4957275390625,1911.612961032454,1875.3784940456708,1891.0474527426582,6941900,Suzuki,
28,2025-02-17,1890.068115234375,1913.081897984638,1868.5232973405116,1900.8405241813066,3453300,Suzuki,
29,2025-02-18,1886.6405029296875,1912.592215012551,1883.2129183149696,1907.695665562954,3359800,Suzuki,
30,2025-02-19,1876.3577880859375,1909.1646700801332,1854.8129700598986,1877.337097996212,5186100,Suzuki,
31,2025-02-20,1903.7784423828125,1971.8404803177948,1844.0405385837635,1862.157771703147,14340100,Suzuki,
32,2025-02-21,1841.1025390625,1894.4749264980883,1810.7439333651928,1890.0680321226728,9261100,Suzuki,
33,2025-02-25,1800.4613037109375,1821.5164671756017,1795.0750991036978,1815.6406076040676,7608600,Suzuki,
34,2025-02-26,1792.626708984375,1792.626708984375,1750.516384763491,1786.7508497907631,5502000,Suzuki,
35,2025-02-27,1836.69580078125,1836.69580078125,1789.199268476323,1796.5440930595591,5363600,Suzuki,
36,2025-02-28,1783.3233642578125,1821.5164511364806,1760.799236098598,1811.7233519368222,7801300,Suzuki,
37,2025-03-03,1818.5784912109375,1821.5164209221023,1791.157813906734,1811.233666933026,5897900,Suzuki,
38,2025-03-04,1789.1990966796875,1813.6818429396724,1759.819801167706,1810.743913388474,5039800,Suzuki,
39,2025-03-05,1783.3233642578125,1804.8681824970613,1768.6337154583248,1786.750948977693,6308500,Suzuki,
40,2025-03-06,1798.9923095703125,1806.826788871653,1778.9164563606275,1788.2199005309694,4989700,Suzuki,
41,2025-03-07,1764.7164306640625,1768.633670243783,1716.2405908650219,1720.6474853922073,7507100,Suzuki,
42,2025-03-10,1754.92333984375,1781.3647071293422,1746.599205698286,1769.6129883357457,5434400,Suzuki,
43,2025-03-11,1715.7508544921875,1719.178438961778,1664.8267423725563,1696.6543124473258,9032000,Suzuki,
44,2025-03-12,1753.454345703125,1762.268134651088,1701.0612669568993,1708.8957460217555,6422700,Suzuki,
45,2025-03-13,1723.58544921875,1770.592325106534,1719.1785546042702,1769.1233602350408,6966000,Suzuki,
46,2025-03-14,1735.8267822265625,1744.1509163021199,1712.3233448367528,1714.771619564858,5676500,Suzuki,
47,2025-03-17,1782.343994140625,1793.11640289642,1764.7164161765968,1772.5508952717205,5320000,Suzuki,
48,2025-03-18,1823.9647216796875,1830.8198911034501,1804.37852332608,1810.7440377910025,4845800,Suzuki,
49,2025-03-19,1842.571533203125,1867.0542801231773,1829.840504804698,1831.3094696199012,4933800,Suzuki,
50,2025-03-21,1843.5509033203125,1872.9302005843813,1818.088845691453,1828.371599733877,7198100,Suzuki,
51,2025-03-24,1798.0130615234375,1857.7509682516127,1791.6475468720746,1857.7509682516127,6694300,Suzuki,
52,2025-03-25,1854.81298828125,1857.7509180409352,1814.6612815655524,1827.3923105241881,6726900,Suzuki,
53,2025-03-26,1876.3577880859375,1884.1922673681336,1849.4267655533888,1860.6888295215456,5547500,Suzuki,
54,2025-03-27,1884.1922607421875,1886.640535509264,1838.1646951211465,1842.5715897018845,7334200,Suzuki,
55,2025-03-28,1857.4591064453125,1884.1922598962844,1851.5184056784299,1872.8059167597594,6166500,Suzuki,
56,2025-03-31,1792.111328125,1806.4680210851175,1744.585723843232,1750.0313660005181,9359700,Suzuki,
57,2025-04-01,1807.9532470703125,1838.6468673655916,1782.2102106936268,1807.9532470703125,7449900,Suzuki,
58,2025-04-02,1798.547119140625,1819.8346297717967,1777.2596085094533,1805.477936555425,6388500,Suzuki,
59,2025-04-03,1770.8238525390625,1786.170662555476,1725.2784808774484,1726.763656040327,9486400,Suzuki,
60,2025-04-04,1686.6639404296875,1741.1203635137103,1642.6037435707965,1726.7636701551953,8951000,Suzuki,
61,2025-04-07,1554.9783935546875,1631.71244353908,1487.1553945362245,1496.066445502154,14391000,Suzuki,
62,2025-04-08,1547.552490234375,1602.9990285921006,1527.255096728422,1555.4734242854786,18971700,Suzuki,
63,2025-04-09,1478.7393798828125,1549.5327281664556,1448.5408187268529,1517.3539334920724,13651000,Suzuki,
64,2025-04-10,1589.137451171875,1629.2371812481747,1579.236283251801,1623.2964804961302,16980500,Suzuki,
65,2025-04-11,1554.4832763671875,1568.839969047012,1509.4329648546352,1529.7303579536972,16061200,Suzuki,
66,2025-04-14,1554.9783935546875,1592.6028309663895,1537.1562916228286,1577.2560209695112,31105800,Suzuki,
67,2025-04-15,1628.7420654296875,1656.9603930070407,1603.9891465021847,1603.9891465021847,34585100,Suzuki,
68,2025-04-16,1651.5147705078125,1672.3072226544937,1624.2865593633492,1647.0592450478096,16847400,Suzuki,
69,2025-04-17,1655.9703369140625,1667.851738434522,1641.1185850134877,1657.4555121041199,10413600,Suzuki,
70,2025-04-18,1655.9703369140625,1658.9406872941772,1631.7124754764573,1644.0889353936027,10156700,Suzuki,
71,2025-04-21,1591.11767578125,1631.2174056313686,1577.2560407713324,1613.8903618689717,54755500,Suzuki,
72,2025-04-22,1603.494140625,1603.494140625,1567.8499362023388,1579.7313376765592,12524100,Suzuki,
73,2025-04-23,1647.0592041015625,1647.5542624737,1623.7914606110987,1633.6926280538491,14398800,Suzuki,
74,2025-04-24,1663.396240234375,1690.1293940952846,1658.4456561860584,1668.3468242826916,10043100,Suzuki,
75,2025-04-25,1681.71337890625,1681.71337890625,1650.5246998155542,1664.3863349669746,9028200,Suzuki,
76,2025-04-28,1655.9703369140625,1692.604658268813,1654.485161724005,1688.1491326986406,9908300,Suzuki,
77,2025-04-30,1690.6243896484375,1690.6243896484375,1662.4060616220945,1663.3961783949487,9341500,Suzuki,
78,2025-05-01,1737.159912109375,1746.0709632401727,1695.5750068323196,1713.3971090939149,8172500,Suzuki,
79,2025-05-02,1763.39794921875,1778.74475899578,1750.0313729613367,1759.4374821795166,6870900,Suzuki,
80,2025-05-07,1763.89306640625,1782.2102270733933,1756.467190460111,1782.2102270733933,8571700,Suzuki,
81,2025-05-08,1760.9227294921875,1784.1904743013336,1742.1105102847928,1760.9227294921875,6409400,Suzuki,
82,2025-05-09,1776.26953125,1792.111399979097,1768.8436552832359,1792.111399979097,7223500,Suzuki,
83,2025-05-12,1782.210205078125,1790.1311393229166,1716.3674391682944,1784.190438639323,10843700,Suzuki,
84,2025-05-13,1849.5380859375,1909.9352075874933,1849.5380859375,1880.7267635108574,13341600,Suzuki,
85,2025-05-14,1793.5965576171875,1846.0727472686979,1790.131148866616,1840.6271049463712,7513000,Suzuki,
86,2025-05-15,1740.1302490234375,1782.2102123710883,1727.2587308229797,1769.3386941706303,6998700,Suzuki,
87,2025-05-16,1752.0115966796875,1755.972063696765,1713.397043263181,1740.1301956284549,4744100,Suzuki,
88,2025-05-19,1791.6163330078125,1804.4878512886094,1753.9918949562532,1753.9918949562532,5480900,Suzuki,
89,2025-05-20,1798.0521240234375,1823.3001026372026,1783.6954303018847,1805.973058490501,5274500,Suzuki,
90,2025-05-21,1780.22998046875,1821.3198270702255,1779.734922075961,1821.3198270702255,3819900,Suzuki,
91,2025-05-22,1767.853515625,1773.7942163215837,1753.496822274923,1772.3090411474377,6104400,Suzuki,
92,2025-05-23,1760.4276123046875,1768.3485464432913,1752.0116197824211,1767.358429675966,3800400,Suzuki,
93,2025-05-26,1770.8238525390625,1779.2398451287086,1755.9721009102752,1769.83373576381,3299500,Suzuki,
94,2025-05-27,1791.6163330078125,1791.6163330078125,1768.8436468187108,1773.7942307728633,3275900,Suzuki,
95,2025-05-28,1806.963134765625,1821.3198281651328,1802.0125508347603,1809.4384267310572,4827800,Suzuki,
96,2025-05-29,1847.0628662109375,1851.0233333590713,1808.4483115166322,1808.4483115166322,5086100,Suzuki,
97,2025-05-30,1834.1912841796875,1834.1912841796875,1806.963073483363,1808.9433069885501,12458400,Suzuki,
98,2025-06-02,1802.0125732421875,1808.9433908315807,1789.1410548618862,1805.477982036884,4990700,Suzuki,
99,2025-06-03,1720.822998046875,1787.6558820331604,1720.822998046875,1783.6954148339732,10105200,Suzuki,
100,2025-06-04,1698.05029296875,1726.7636798469387,1687.1590082908162,1724.2883878746811,8415700,Suzuki,
101,2025-06-05,1646.564208984375,1683.6935883210642,1602.008953780348,1683.1985299299083,15981700,Suzuki,
102,2025-06-06,1663.396240234375,1679.2381091889881,1640.6235536121187,1642.6037872314455,8296400,Suzuki,
103,2025-06-09,1684.6837158203125,1702.0107596209916,1680.7232486658716,1685.1787742146178,5386900,Suzuki,
104,2025-06-10,1688.1490478515625,1705.9711492365057,1680.7231722745028,1686.1688143643466,4036300,Suzuki,
105,2025-06-11,1685.1787109375,1690.1292946946605,1675.2775434231785,1679.7330688046231,3719000,Suzuki,
106,2025-06-12,1667.356689453125,1684.1886750354902,1660.4258718603862,1678.2479742417142,4946400,Suzuki,
107,2025-06-13,1674.2874755859375,1702.50580382615,1647.5543225162626,1682.7034682189833,9661600,Suzuki,
108,2025-06-16,1685.1787109375,1705.9711627175748,1680.2281271803392,1698.0502287061177,5136900,Suzuki,
109,2025-06-17,1692.6046142578125,1695.5749645606925,1673.7923956729055,1682.7034465815457,4531000,Suzuki,
110,2025-06-18,1710.9217529296875,1713.3970448176065,1678.2479000091553,1680.2281335194905,4415100,Suzuki,
111,2025-06-19,1709.931640625,1715.3772827925957,1697.0601227743198,1701.5156481841705,4023700,Suzuki,
112,2025-06-20,1679.733154296875,1708.9415999507257,1679.733154296875,1694.089847923344,8339100,Suzuki,
113,2025-06-23,1681.21826171875,1692.604604480685,1670.8220357187224,1691.119429337824,3693900,Suzuki,
114,2025-06-24,1684.6837158203125,1704.9811099868223,1678.2479566943462,1702.5058180152969,3486600,Suzuki,
115,2025-06-25,1713.89208984375,1715.3772649649318,1682.703412298933,1688.6441127836601,3973500,Suzuki,
116,2025-06-26,1709.931640625,1721.8130417179357,1673.7923789673205,1679.7330795137884,5337700,Suzuki,
117,2025-06-27,1734.1895751953125,1749.0413271952723,1704.4860711953927,1727.75381599533,9681900,Suzuki,
118,2025-06-30,1725.7735595703125,1760.9227055053361,1715.872391701292,1760.9227055053361,7060800,Suzuki,
119,2025-07-01,1656.46533203125,1706.4662281864073,1652.5048650090594,1706.4662281864073,7660700,Suzuki,
120,2025-07-02,1640.12841796875,1657.9505197033939,1624.2865497601779,1638.6432428241965,6809200,Suzuki,
121,2025-07-03,1657.9505615234375,1666.366554221526,1626.7618827011095,1640.1284593392502,8151400,Suzuki,
122,2025-07-04,1640.62353515625,1661.9110463245418,1631.7124839695234,1652.999995137815,5685900,Suzuki,
123,2025-07-07,1625.2767333984375,1641.6136606607429,1616.8607405663408,1637.6531934456386,3638300,Suzuki,
124,2025-07-08,1639.1383056640625,1652.0098236185372,1625.276670943859,1625.7717293267233,6024600,Suzuki,
125,2025-07-09,1663.396240234375,1665.3764738537018,1649.5346048990887,1658.9407145908901,5492000,Suzuki,
126,2025-07-10,1635.6728515625,1665.3763537095188,1628.2469760257454,1664.386236971285,6194200,Suzuki,
127,2025-07-11,1650.0296630859375,1670.8221160861203,1642.6037870144437,1665.3764736336916,5961100,Suzuki,
128,2025-07-14,1658.445556640625,1672.30719114389,1653.9900312645757,1657.9504982655085,3749500,Suzuki,
129,2025-07-15,1644.583984375,1662.4060865536576,1642.1086924057422,1653.4950354643288,4559500,Suzuki,
130,2025-07-16,1637.1580810546875,1671.812168044052,1630.722322042377,1664.881350646179,7261500,Suzuki,
131,2025-07-17,1636.16796875,1636.16796875,1618.8409252080182,1621.8112755295008,8506400,Suzuki,
132,2025-07-18,1606.4644775390625,1634.6828058040014,1602.9990688047717,1630.2272802884847,10089800,Suzuki,
133,2025-07-22,1618.8409423828125,1618.8409423828125,1593.5929643823467,1603.9891906178327,6430900,Suzuki,
134,2025-07-23,1681.21826171875,1700.0304801949906,1639.6333577186397,1646.5641750519912,19342800,Suzuki,
135,2025-07-24,1683.198486328125,1704.9810549747244,1665.3763847081802,1700.0304711914064,10616800,Suzuki,
136,2025-07-25,1639.1383056640625,1669.3368670187915,1627.751962858181,1666.366516721605,8572800,Suzuki,
137,2025-07-28,1667.356689453125,1669.8319814505317,1629.7322510925437,1638.6433022832077,7783000,Suzuki,
138,2025-07-29,1639.6334228515625,1662.4061092800564,1631.2174300410322,1653.9901164695261,4660100,Suzuki,
139,2025-07-30,1661.9110107421875,1669.3368865721347,1645.5740839163036,1649.5345510256088,6540300,Suzuki,
140,2025-07-31,1650.0296630859375,1679.733167371913,1640.6235533953786,1670.8221160861203,6014100,Suzuki,
141,2025-08-01,1672.80224609375,1684.1885886981172,1658.9406116188684,1663.3961369857948,6316800,Suzuki,
142,2025-08-04,1679.238037109375,1679.238037109375,1638.6432496556695,1649.5345340944687,6377300,Suzuki,
143,2025-08-05,1710.9217529296875,1742.1104307174683,1653.4949811299641,1685.6737756729126,13833100,Suzuki,
144,2025-08-06,1731.7142333984375,1750.0313936716627,1696.0700296235125,1731.7142333984375,12421900,Suzuki,
145,2025-08-07,1748.0511474609375,1764.388074072722,1719.3377612947709,1728.2488121739261,6821600,Suzuki,
146,2025-08-08,1783.6953125,1804.982822474327,1751.0214599812657,1762.407802525673,10526400,Suzuki,
147,2025-08-12,1822.3099365234375,1839.1419218105325,1795.0817250296072,1806.9631264087332,7719800,Suzuki,
148,2025-08-13,1810.923583984375,1846.5677879337668,1805.477941714329,1838.6468537227909,6608500,Suzuki,
149,2025-08-14,1769.338623046875,1802.0124756269236,1755.9720469914005,1802.0124756269236,5907500,Suzuki,
150,2025-08-15,1766.3682861328125,1785.1805044268278,1760.4275856189129,1772.3089866467121,4118900,Suzuki,
151,2025-08-18,1946.569580078125,1946.569580078125,1820.824749625469,1845.577669005913,16932100,Suzuki,
152,2025-08-19,1955.9757080078125,1955.9757080078125,1896.073642538578,1902.5094016385785,8691000,Suzuki,
153,2025-08-20,1960.4312744140625,1989.1446617665918,1943.5992887246489,1960.4312744140625,9676100,Suzuki,
154,2025-08-21,1950.530029296875,1954.9855547445075,1917.856176014237,1946.5695622323128,5517200,Suzuki,
155,2025-08-22,1962.906494140625,1967.8570779846116,1918.3512395447472,1941.6189836114834,4052800,Suzuki,
156,2025-08-25,1951.5201416015625,2004.9864468509204,1944.5893242544237,1985.1841115733805,4268200,Suzuki,
157,2025-08-26,1916.8660888671875,1942.6091251846187,1907.9550378342306,1938.1535996681403,5506400,Suzuki,
158,2025-08-27,1917.856201171875,1944.589354208344,1917.856201171875,1930.232660910981,5135700,Suzuki,
159,2025-08-28,1944.58935546875,1961.916399114729,1917.8562024149535,1929.2425453823112,4326600,Suzuki,
160,2025-08-29,1951.5201416015625,1965.3817762958406,1927.7573392685147,1931.2227479420842,5882100,Suzuki,
161,2025-09-01,1957.4608154296875,1964.886691057266,1916.8660286655918,1939.1436555483272,3352100,Suzuki,
162,2025-09-02,1992.6099853515625,1996.0753940217392,1955.4806067425272,1969.3422414232339,5918500,Suzuki,
163,2025-09-03,1980.7286376953125,2013.4024917537704,1976.7681705367115,1978.748404116012,5599500,Suzuki,
164,2025-09-04,1980.7286376953125,2011.42225817447,1980.7286376953125,1990.1347471969898,4870700,Suzuki,
165,2025-09-05,1999.0457763671875,2024.788812615601,1980.2335575702698,1989.1446085793361,7580700,Suzuki,
166,2025-09-08,2033.6998291015625,2038.1553545304607,1990.6297499555458,2024.2937198627772,6495000,Suzuki,
167,2025-09-09,2070.334228515625,2083.700805313789,2046.571425318889,2058.947885317189,7723600,Suzuki,
168,2025-09-10,2053.007080078125,2086.671049560959,2040.1355623346885,2056.472488701358,6839000,Suzuki,
169,2025-09-11,2041.620849609375,2043.6010832171435,2023.3036887375158,2037.6603823938378,4159600,Suzuki,
170,2025-09-12,2062.908203125,2086.671004600882,2052.5119774793015,2067.8587867658084,7428900,Suzuki,
171,2025-09-16,2058.452880859375,2084.19591833044,2045.5813621238426,2080.2354510271994,4382400,Suzuki,
172,2025-09-17,2071.8193359375,2074.2946278561826,2042.610891297043,2059.442876344086,5350800,Suzuki,
173,2025-09-18,2098.057373046875,2130.236167112011,2093.106789344546,2108.948657191998,5430700,Suzuki,
174,2025-09-19,2110.928955078125,2136.176932730326,2084.6908606552497,2109.9388383074506,8710900,Suzuki,
175,2025-09-22,2120.830078125,2135.6818293723736,2105.978326877626,2106.4733852525383,4519800,Suzuki,
176,2025-09-24,2183.70263671875,2236.6738863512383,2128.7511534551404,2154.494190659714,13908100,Suzuki,
177,2025-09-25,2178.2568359375,2225.782439630682,2169.8408436168324,2208.4553966175426,6491900,Suzuki,
178,2025-09-26,2204.0,2215.881401617251,2169.3459119496856,2192.1185983827495,8953700,Suzuki,
179,2025-09-29,2170.5,2190.0,2149.0,2180.5,6054700,Suzuki,
180,2025-09-30,2160.5,2170.5,2131.0,2159.5,6936200,Suzuki,
181,2025-10-01,2154.5,2182.5,2129.0,2166.0,6720200,Suzuki,
182,2025-10-02,2125.0,2156.5,2117.0,2146.0,7611200,Suzuki,
183,2025-10-03,2189.0,2190.0,2132.0,2144.5,4530300,Suzuki,
184,2025-10-06,2238.5,2265.0,2221.0,2254.0,7192700,Suzuki,
185,2025-10-07,2290.0,2290.0,2242.0,2253.5,6412800,Suzuki,
186,2025-10-08,2288.0,2309.0,2261.0,2276.5,9066300,Suzuki,
187,2025-10-09,2274.0,2314.5,2258.0,2300.5,7147700,Suzuki,
188,2025-10-10,2237.0,2283.5,2232.5,2255.5,7280700,Suzuki,
189,2025-10-14,2186.0,2237.0,2167.0,2186.0,6958800,Suzuki,
190,2025-10-15,2212.0,2219.0,2192.5,2217.0,4547700,Suzuki,
191,2025-10-16,2228.0,2238.5,2213.0,2229.0,3847600,Suzuki,
192,2025-10-17,2210.0,2219.0,2190.0,2192.5,3632000,Suzuki,
193,2025-10-20,2239.0,2264.0,2234.0,2256.0,3230200,Suzuki,
194,2025-10-21,2269.5,2270.0,2250.5,2264.5,3666500,Suzuki,
195,2025-10-22,2305.5,2341.5,2282.5,2319.5,5243700,Suzuki,
196,2025-10-23,2275.0,2305.5,2267.0,2292.5,3849200,Suzuki,
197,2025-10-24,2296.0,2301.5,2276.0,2279.5,3829200,Suzuki,
198,2025-10-27,2318.0,2352.0,2306.0,2340.0,4431500,Suzuki,
199,2025-10-28,2281.5,2327.0,2270.0,2323.0,4646900,Suzuki,
200,2025-10-29,2277.5,2298.5,2249.0,2298.5,3872300,Suzuki,
201,2025-10-30,2287.5,2291.0,2238.5,2280.0,16301200,Suzuki,
202,2025-10-31,2308.0,2308.0,2263.0,2275.0,6267100,Suzuki,
203,2025-11-04,2217.0,2286.0,2197.5,2208.0,10351200,Suzuki,
204,2025-11-05,2185.5,2225.0,2140.5,2173.5,10091800,Suzuki,
205,2025-11-06,2128.0,2225.0,2017.0,2222.0,15945600,Suzuki,
206,2025-11-07,2208.5,2240.5,2153.0,2193.5,8490100,Suzuki,
207,2025-11-10,2234.5,2236.0,2196.5,2209.5,4380300,Suzuki,
208,2025-11-11,2225.5,2269.0,2216.0,2266.0,3520200,Suzuki,
209,2025-11-12,2285.5,2312.5,2243.5,2252.5,5154700,Suzuki,
210,2025-11-13,2314.0,2317.0,2280.0,2280.0,4432800,Suzuki,
211,2025-11-14,2343.5,2343.5,2286.0,2314.5,5543200,Suzuki,
212,2025-11-17,2285.5,2330.0,2281.0,2312.0,5157400,Suzuki,
213,2025-11-18,2255.5,2298.0,2250.5,2280.0,5289100,Suzuki,
214,2025-11-19,2272.0,2306.5,2245.0,2247.0,4877800,Suzuki,
215,2025-11-20,2283.0,2337.5,2283.0,2322.0,4801900,Suzuki,
216,2025-11-21,2358.0,2358.0,2269.5,2277.0,14007100,Suzuki,
217,2025-11-25,2416.5,2416.5,2369.0,2399.0,6843600,Suzuki,
218,2025-11-26,2451.5,2462.5,2402.5,2442.5,6068800,Suzuki,
219,2025-11-27,2448.0,2473.0,2437.5,2456.5,4438100,Suzuki,
220,2025-11-28,2441.0,2455.5,2430.5,2452.0,4855900,Suzuki,
221,2025-12-01,2430.5,2472.5,2411.0,2451.0,5101200,Suzuki,
222,2025-12-02,2402.0,2451.0,2402.0,2436.0,5483500,Suzuki,
223,2025-12-03,2368.0,2414.0,2353.0,2412.0,4613100,Suzuki,
224,2025-12-04,2356.0,2374.5,2333.5,2361.5,6245900,Suzuki,
225,2025-12-05,2293.0,2343.0,2280.0,2340.0,7970900,Suzuki,
226,2025-12-08,2330.5,2347.5,2289.0,2293.5,7045100,Suzuki,
227,2025-12-09,2324.0,2345.0,2291.0,2339.0,6873900,Suzuki,
228,2025-12-10,2287.0,2333.0,2282.0,2330.0,7393400,Suzuki,
229,2025-12-11,2287.0,2313.0,2273.0,2308.5,5346900,Suzuki,
230,2025-12-12,2306.0,2316.5,2220.0,2242.5,11092500,Suzuki,
231,2025-12-15,2324.0,2342.5,2282.0,2282.0,6546600,Suzuki,
232,2025-12-16,2325.5,2367.0,2300.5,2335.0,7524700,Suzuki,
233,2025-12-17,2332.5,2338.0,2307.0,2330.0,5260300,Suzuki,
234,2025-12-18,2332.5,2340.0,2303.0,2335.0,5443400,Suzuki,
235,2025-12-19,2332.5,2345.0,2310.5,2331.0,9512200,Suzuki,
236,2025-12-22,2355.5,2379.0,2330.0,2330.0,5198600,Suzuki,
237,2025-12-23,2322.5,2355.0,2315.0,2336.0,6477600,Suzuki,
238,2025-12-24,2320.5,2330.5,2307.0,2327.0,4126100,Suzuki,
239,2025-12-25,2336.0,2344.5,2326.5,2334.5,1720300,Suzuki,
240,2025-12-26,2316.0,2337.5,2311.5,2328.5,2255300,Suzuki,
241,2025-12-29,2318.0,2332.5,2305.0,2314.0,3508600,Suzuki,
242,2025-12-30,2334.5,2334.5,2310.0,2311.5,3676600,Suzuki,
243,2026-01-05,2391.5,2430.5,2351.5,2352.5,5991000,Suzuki,
244,2026-01-06,2369.5,2439.0,2330.0,2388.0,6334600,Suzuki,
245,2026-01-07,2305.0,2326.5,2284.0,2304.5,7226600,Suzuki,
246,2026-01-08,2294.0,2306.0,2276.5,2284.0,5938000,Suzuki,
247,2026-01-09,2300.0,2308.5,2269.0,2299.0,7838800,Suzuki,
248,2026-01-13,2343.0,2353.5,2326.0,2333.0,9092500,Suzuki,
249,2026-01-14,2389.0,2401.5,2342.0,2357.5,7746900,Suzuki,
250,2026-01-15,2372.5,2393.0,2337.0,2373.0,6764100,Suzuki,
251,2026-01-16,2360.0,2385.0,2333.5,2336.0,5228500,Suzuki,
252,2026-01-19,2330.5,2334.5,2290.0,2312.5,3920300,Suzuki,
253,2026-01-20,2300.0,2347.5,2295.0,2347.5,5063100,Suzuki,
254,2026-01-21,2283.5,2305.0,2260.0,2260.0,5424300,Suzuki,
255,2026-01-22,2273.0,2322.0,2270.0,2317.0,5694800,Suzuki,
256,2026-01-23,2262.5,2294.0,2262.5,2290.0,5907700,Suzuki,
257,2026-01-26,2182.5,2210.5,2151.0,2200.0,7263700,Suzuki,
258,2026-01-27,2106.5,2170.0,2100.5,2169.0,10409100,Suzuki,
259,2026-01-28,2057.5,2079.0,2045.0,2075.0,8618200,Suzuki,
260,2026-01-29,2088.5,2096.5,2025.0,2072.0,9797500,Suzuki,
261,2026-01-30,2106.5,2124.0,2103.0,2114.5,8947500,Suzuki,
262,2026-02-02,2095.5,2185.0,2087.0,2185.0,7541800,Suzuki,
263,2026-02-03,2159.0,2165.0,2121.0,2163.5,8544400,Suzuki,
264,2026-02-04,2181.5,2193.0,2153.0,2169.5,7167600,Suzuki,
265,2026-02-05,2218.0,2310.0,2185.0,2228.0,17443000,Suzuki,
266,2026-02-06,2308.0,2310.0,2188.0,2201.5,9658300,Suzuki,
0,2025-01-06,2585.835205078125,2590.1770925493383,2559.7838802508454,2585.835205078125,4765800,Bridge Stone,
1,2025-01-07,2590.659423828125,2590.659423828125,2564.6081000130935,2586.79996844812,3508600,Bridge Stone,
2,2025-01-08,2581.0107421875,2598.86072302132,2563.6431932681076,2567.5026485835283,4398200,Bridge Stone,
3,2025-01-09,2538.07421875,2573.2917473507887,2536.1444911554363,2568.94986026302,3837200,Bridge Stone,
4,2025-01-10,2525.53125,2541.9339362464184,2512.9880193409745,2513.9528832378223,3895400,Bridge Stone,
5,2025-01-14,2543.863525390625,2555.441891521741,2527.4608400382103,2530.837863493119,4114600,Bridge Stone,
6,2025-01-15,2569.914794921875,2578.5985693368543,2548.2053588844274,2557.853997123293,3475000,Bridge Stone,
7,2025-01-16,2548.687744140625,2593.55391113004,2545.310720818841,2581.0106816491284,3823800,Bridge Stone,
8,2025-01-17,2524.083740234375,2546.2756079810842,2513.952670176095,2540.9688569981754,3331400,Bridge Stone,
9,2025-01-20,2548.205322265625,2571.3620537061306,2532.767501305288,2533.732365115309,2513600,Bridge Stone,
10,2025-01-21,2572.3271484375,2582.4582193522015,2554.4771663496927,2571.844716489181,3107000,Bridge Stone,
11,2025-01-22,2585.835205078125,2585.835205078125,2569.4325190757636,2572.327110723239,2857200,Bridge Stone,
12,2025-01-23,2590.1767578125,2593.553780964798,2566.537595746415,2580.528120234506,3271000,Bridge Stone,
13,2025-01-24,2596.930908203125,2615.2633203360842,2574.73904088428,2590.176861627824,3864800,Bridge Stone,
14,2025-01-27,2665.436279296875,2676.532213129242,2624.429567307692,2629.253886365243,5376800,Bridge Stone,
15,2025-01-28,2641.314697265625,2677.497090378853,2634.560650551156,2675.5673627461474,2908000,Bridge Stone,
16,2025-01-29,2649.51611328125,2649.998545202823,2626.841812967299,2642.762066379222,2817000,Bridge Stone,
17,2025-01-30,2744.55517578125,2751.309222619172,2690.522801077875,2697.7592798327914,6733600,Bridge Stone,
18,2025-01-31,2696.31201171875,2741.178180459105,2693.8998521090534,2717.05658436214,4554200,Bridge Stone,
19,2025-02-03,2621.052490234375,2649.033540194543,2607.544397150156,2612.3687161088055,5585400,Bridge Stone,
20,2025-02-04,2639.867431640625,2666.883618806538,2629.736361453408,2662.059299669768,3907200,Bridge Stone,
21,2025-02-05,2619.605224609375,2660.611936228491,2608.9917227785454,2649.5160024962593,3065800,Bridge Stone,
22,2025-02-06,2636.490478515625,2657.7174832831797,2629.2539996175947,2633.595886956413,2991600,Bridge Stone,
23,2025-02-07,2649.51611328125,2657.2350240264245,2625.3945172025788,2645.6566579086625,2613200,Bridge Stone,
24,2025-02-10,2651.44580078125,2662.0593028950034,2646.621481638635,2657.7174156666497,2605200,Bridge Stone,
25,2025-02-12,2697.276611328125,2743.107639422593,2679.9090638396947,2714.161726941876,5414800,Bridge Stone,
26,2025-02-13,2751.79150390625,2767.229324405023,2729.599636939264,2753.23879957801,5541800,Bridge Stone,
27,2025-02-14,2755.168701171875,2808.2362124884407,2750.826813882338,2800.034869830426,5530600,Bridge Stone,
28,2025-02-17,2916.783447265625,3008.927945847784,2730.5647223823084,2790.3862816712494,16778800,Bridge Stone,
29,2025-02-18,2833.804931640625,2916.300785115352,2817.884679215678,2872.8819148654957,8625600,Bridge Stone,
30,2025-02-19,2808.236083984375,2841.0414531152696,2792.3158313179115,2833.8049746305137,7374000,Bridge Stone,
31,2025-02-20,2826.568603515625,2851.6550632157123,2786.526754378947,2826.0861715983156,7132400,Bridge Stone,
32,2025-02-21,2870.4697265625,2891.696729582458,2841.5238133534663,2841.5238133534663,6433800,Bridge Stone,
33,2025-02-25,2867.5751953125,2887.354903086358,2850.2076470232587,2870.9522185909636,5223000,Bridge Stone,
34,2025-02-26,2867.0927734375,2885.907617483279,2834.7698362306496,2867.57520533611,4910200,Bridge Stone,
35,2025-02-27,2881.08349609375,2891.214566659384,2867.0929700745405,2867.0929700745405,4396600,Bridge Stone,
36,2025-02-28,2816.4375,2859.856372045221,2808.718589414183,2846.8307104316546,9697000,Bridge Stone,
37,2025-03-03,2867.0927734375,2881.5657303957914,2837.181995723698,2837.181995723698,3527800,Bridge Stone,
38,2025-03-04,2842.48876953125,2879.1535941212665,2828.0158124562436,2865.6455008512603,4111200,Bridge Stone,
39,2025-03-05,2853.102294921875,2863.233364957952,2835.7347462886,2841.0414972598787,4148200,Bridge Stone,
40,2025-03-06,2866.128173828125,2873.8470849173777,2838.6295530726625,2841.5241447311323,3765600,Bridge Stone,
41,2025-03-07,2900.863037109375,2915.818426124906,2855.9968700627805,2860.8211891000487,6044200,Bridge Stone,
42,2025-03-10,2905.687255859375,2945.2466705996158,2902.7926645369184,2913.888597939669,4652000,Bridge Stone,
43,2025-03-11,2863.7158203125,2897.00362213217,2849.72529491003,2877.22391380454,6285600,Bridge Stone,
44,2025-03-12,2860.821044921875,2870.952114389558,2828.980540880586,2847.312952298298,6086200,Bridge Stone,
45,2025-03-13,2893.62646484375,2907.134557710643,2885.4251227459936,2888.3197140746133,5042000,Bridge Stone,
46,2025-03-14,2880.600830078125,2916.300790122637,2880.600830078125,2893.626491175447,4766600,Bridge Stone,
47,2025-03-17,2941.869873046875,2954.895534997066,2918.71314069098,2918.71314069098,4116000,Bridge Stone,
48,2025-03-18,2970.333251953125,2980.9467539091047,2942.834633248995,2954.895430926245,3641800,Bridge Stone,
49,2025-03-19,2965.509033203125,2978.534695135203,2953.4482351178676,2954.895530888098,4226800,Bridge Stone,
50,2025-03-21,2973.710205078125,2993.007480906017,2933.185925839552,2943.7994275448928,5912800,Bridge Stone,
51,2025-03-24,2956.8251953125,2992.5251568809654,2950.071148529277,2981.429222879956,3142600,Bridge Stone,
52,2025-03-25,2963.579345703125,2980.4644632514905,2948.1415239446196,2969.850960792518,3020400,Bridge Stone,
53,2025-03-26,2986.736083984375,3004.5860654263747,2972.263126058429,3001.2090419103206,3234800,Bridge Stone,
54,2025-03-27,2997.349365234375,2997.349365234375,2947.176448127603,2947.176448127603,4491600,Bridge Stone,
55,2025-03-28,2972.262939453125,3017.611538107336,2963.5791652427442,3001.2088534877275,3968600,Bridge Stone,
56,2025-03-31,2892.17919921875,2924.5021360573915,2884.942720822039,2904.7224284397153,5879400,Bridge Stone,
57,2025-04-01,2885.907470703125,2920.642565636362,2872.3993782290886,2906.1696094141803,3738800,Bridge Stone,
58,2025-04-02,2872.3994140625,2899.8980312276935,2860.338617060222,2895.0737124267825,3438400,Bridge Stone,
59,2025-04-03,2758.063232421875,2776.878076932012,2730.082181611928,2751.791617585163,5786800,Bridge Stone,
60,2025-04-04,2650.96337890625,2700.6538662633643,2608.0269383743744,2671.707951298055,6602000,Bridge Stone,
61,2025-04-07,2542.898681640625,2615.2634705319347,2466.6744373417787,2506.233855269028,7597400,Bridge Stone,
62,2025-04-08,2638.420166015625,2669.778240762565,2590.6594060164393,2590.6594060164393,5568200,Bridge Stone,
63,2025-04-09,2578.598388671875,2616.228075166993,2546.275452836325,2605.1321419697147,5217600,Bridge Stone,
64,2025-04-10,2749.86181640625,2809.683371710526,2714.6442878803455,2809.683371710526,4417400,Bridge Stone,
65,2025-04-11,2666.883544921875,2675.0848872271704,2611.4038763860544,2653.375451713154,5295800,Bridge Stone,
66,2025-04-14,2703.06591796875,2721.8807619453305,2691.005120547865,2691.9699843415356,3687400,Bridge Stone,
67,2025-04-15,2773.9833984375,2791.8333785665764,2744.0726209239133,2751.30909935462,3786600,Bridge Stone,
68,2025-04-16,2791.83349609375,2821.7442748664844,2766.264604562219,2812.578068468388,3334600,Bridge Stone,
69,2025-04-17,2807.271240234375,2813.060423063523,2759.5104818939035,2764.3348009181937,2055400,Bridge Stone,
70,2025-04-18,2842.00634765625,2845.8658028898694,2806.788818649476,2816.919888637726,1797200,Bridge Stone,
71,2025-04-21,2804.376708984375,2841.523966268359,2797.14023029269,2841.523966268359,2542000,Bridge Stone,
72,2025-04-22,2787.97412109375,2806.7889663477135,2779.77277829074,2804.8592386293585,2891000,Bridge Stone,
73,2025-04-23,2895.55615234375,2895.55615234375,2841.523781623573,2860.821056880779,4095400,Bridge Stone,
74,2025-04-24,2860.821044921875,2912.4412560191163,2851.172407333606,2894.591276480818,3203000,Bridge Stone,
75,2025-04-25,2852.137451171875,2876.259046665548,2843.4536767941527,2865.645544648332,3392200,Bridge Stone,
76,2025-04-28,2862.7509765625,2898.450938184614,2858.8915212520014,2877.2239339768707,2968400,Bridge Stone,
77,2025-04-30,2890.24951171875,2894.1089669171724,2851.654959734524,2870.469803826834,4394200,Bridge Stone,
78,2025-05-01,2901.827880859375,2910.511655066435,2882.530604843685,2894.591402353491,1836800,Bridge Stone,
79,2025-05-02,2905.205078125,2943.317200538131,2905.205078125,2917.7483082862836,2940400,Bridge Stone,
80,2025-05-07,2904.72265625,2913.8888629380504,2889.7672663905496,2912.9239990761503,3606400,Bridge Stone,
81,2025-05-08,2896.038818359375,2899.898273722839,2868.05776697426,2890.2496353141787,2000200,Bridge Stone,
82,2025-05-09,2927.396728515625,2947.176436140731,2916.7832268631296,2927.396728515625,3773400,Bridge Stone,
83,2025-05-12,2964.544189453125,2964.544189453125,2930.2915226587925,2938.975297339046,1934000,Bridge Stone,
84,2025-05-13,2974.67529296875,3013.7522794641227,2957.7901753472925,2995.9022979785823,2951400,Bridge Stone,
85,2025-05-14,2924.984619140625,2948.6237823169226,2907.61707068457,2933.6683933686527,4404600,Bridge Stone,
86,2025-05-15,2920.642822265625,3003.138679980759,2863.715856123018,2894.5914987766355,7664800,Bridge Stone,
87,2025-05-16,2969.368408203125,2969.368408203125,2896.5211897403024,2920.642785257793,3905800,Bridge Stone,
88,2025-05-19,2959.719970703125,2973.2280651089422,2932.703781891491,2935.5983735498803,3339000,Bridge Stone,
89,2025-05-20,2952.483154296875,2975.157453030854,2943.316948425692,2961.649360168058,3515800,Bridge Stone,
90,2025-05-21,2938.010498046875,2980.946940464966,2925.4672676775454,2975.1577572175825,3429000,Bridge Stone,
91,2025-05-22,2920.642822265625,2932.7036201771944,2895.556362609561,2918.713094599774,3239000,Bridge Stone,
92,2025-05-23,2944.764404296875,2948.1414276962983,2910.5117383884417,2929.3265830423697,2680600,Bridge Stone,
93,2025-05-26,2954.8955078125,2962.131986607143,2918.7131138392856,2930.2914799107143,2663000,Bridge Stone,
94,2025-05-27,2979.499267578125,2991.0776326075734,2956.3425375192273,2959.2371287765895,2724600,Bridge Stone,
95,2025-05-28,2983.84130859375,3018.576405476329,2983.84130859375,3003.6210165407742,3207200,Bridge Stone,
96,2025-05-29,3014.717041015625,3022.4359516663294,2991.5603090635127,2991.5603090635127,4016400,Bridge Stone,
97,2025-05-30,2998.314453125,3014.234706858407,2963.5793540702934,2972.2631288339703,8645800,Bridge Stone,
98,2025-06-02,2877.70654296875,2985.7712983124215,2877.70654296875,2970.3334761204683,7516200,Bridge Stone,
99,2025-06-03,2883.01318359375,2895.073981717887,2870.469953544647,2880.118592043957,6710600,Bridge Stone,
100,2025-06-04,2857.444091796875,2876.741367446356,2852.619772884505,2867.5751615128524,5898800,Bridge Stone,
101,2025-06-05,2826.086181640625,2830.428068911838,2810.6483602318676,2822.2267262884357,5312400,Bridge Stone,
102,2025-06-06,2864.1982421875,2874.3293122710334,2818.36721085723,2819.3320746747095,4553400,Bridge Stone,
103,2025-06-09,2867.5751953125,2891.214358261745,2860.8211487555727,2869.5049229001934,3665400,Bridge Stone,
104,2025-06-10,2879.63623046875,2897.0037801917983,2865.16327236621,2867.5754320499664,4565200,Bridge Stone,
105,2025-06-11,2893.62646484375,2901.8278069415064,2883.0129633054767,2897.003488060473,3590600,Bridge Stone,
106,2025-06-12,2903.275390625,2932.2213067827765,2899.898367073259,2915.3361890240735,5151600,Bridge Stone,
107,2025-06-13,2870.9521484375,2920.160200721255,2855.9967599983197,2903.275084741535,6726200,Bridge Stone,
108,2025-06-16,2874.811767578125,2901.8279546874346,2862.750969761469,2885.4252696567823,4524000,Bridge Stone,
109,2025-06-17,2904.239990234375,2904.239990234375,2871.9170534659856,2873.8467810342477,3897200,Bridge Stone,
110,2025-06-18,2923.537353515625,2923.537353515625,2868.057684265741,2877.706322396156,4756400,Bridge Stone,
111,2025-06-19,2922.090087890625,2924.5022474480716,2895.5563327587142,2910.9941539263714,3203800,Bridge Stone,
112,2025-06-20,2886.39013671875,2924.9846897753273,2886.39013671875,2912.923891945147,5180000,Bridge Stone,
113,2025-06-23,2871.434814453125,2882.530748715965,2849.242945927446,2871.434814453125,4874800,Bridge Stone,
114,2025-06-24,2868.5400390625,2907.617022440243,2857.444105510795,2903.2751353982717,4316400,Bridge Stone,
115,2025-06-25,2858.891357421875,2880.118360413195,2849.7251515847142,2863.2332443973723,4742200,Bridge Stone,
116,2025-06-26,2848.760498046875,2859.856432247566,2823.674038114879,2825.1213338801863,6029400,Bridge Stone,
117,2025-06-27,2892.0576171875,2900.4218532358477,2868.932964583245,2877.2972006315927,5920800,Bridge Stone,
118,2025-06-30,2902.882080078125,2911.246316580045,2887.1376348980402,2899.9299966068593,4661400,Bridge Stone,
119,2025-07-01,2925.022705078125,2926.9907607249397,2884.677564318427,2884.677564318427,6009800,Bridge Stone,
120,2025-07-02,2960.44775390625,2961.923795664887,2922.5626821012343,2925.0227516989626,4365200,Bridge Stone,
121,2025-07-03,2975.2080078125,2975.7000217049776,2941.751063124018,2945.6871742638396,4408200,Bridge Stone,
122,2025-07-04,2956.511474609375,2975.7000163816774,2950.6073079102052,2965.8597385497274,2820400,Bridge Stone,
123,2025-07-07,2915.182373046875,2959.4636242830297,2915.182373046875,2951.5914018410467,5258600,Bridge Stone,
124,2025-07-08,2943.22705078125,2946.6711479653804,2914.6902455413115,2915.1822594247587,5307200,Bridge Stone,
125,2025-07-09,2979.144287109375,2983.0803984713693,2950.607479734917,2966.8439391031434,3268600,Bridge Stone,
126,2025-07-10,2953.5595703125,2966.351932269542,2940.275194434033,2957.987695605322,4308600,Bridge Stone,
127,2025-07-11,2978.16015625,3009.6490460567074,2975.700086733851,3001.284809701801,3825800,Bridge Stone,
128,2025-07-14,2971.27197265625,3003.252876485138,2971.27197265625,2979.144195137207,2607600,Bridge Stone,
129,2025-07-15,2949.13134765625,2979.144195872305,2948.1473198458875,2971.271973389405,3290000,Bridge Stone,
130,2025-07-16,2954.54345703125,2970.2879017648056,2946.671234664472,2959.463596010486,2874200,Bridge Stone,
131,2025-07-17,2971.763916015625,2977.1760688428058,2952.083360280422,2955.0354436407024,2770600,Bridge Stone,
132,2025-07-18,2948.147216796875,2972.747911196048,2948.147216796875,2971.763883420081,2208600,Bridge Stone,
133,2025-07-22,2960.44775390625,2973.732129733983,2943.227266722152,2957.0036564694306,2884000,Bridge Stone,
134,2025-07-23,2999.808837890625,3021.9494640518647,2970.780016923666,2984.06439262041,8166000,Bridge Stone,
135,2025-07-24,3119.3681640625,3129.7004560885744,3058.35843971806,3065.738648308113,7727800,Bridge Stone,
136,2025-07-25,3075.578857421875,3092.7993437456257,3048.518093198838,3083.4510797413036,4443600,Bridge Stone,
137,2025-07-28,3062.78662109375,3077.5470385448043,3050.4862732178717,3075.0869689696287,3582200,Bridge Stone,
138,2025-07-29,3023.91748046875,3064.2626209501095,3017.5212996607293,3044.582064617739,3085600,Bridge Stone,
139,2025-07-30,3023.91748046875,3025.3935221936777,3000.3008128699053,3001.2848406865237,2885000,Bridge Stone,
140,2025-07-31,3016.537109375,3024.4093314839542,3002.7607206843295,3013.585026084142,3428000,Bridge Stone,
141,2025-08-01,3065.738525390625,3085.9110947279732,3027.3614422610362,3039.169775531679,3231600,Bridge Stone,
142,2025-08-04,3043.597900390625,3043.597900390625,3013.0930394426427,3020.473247736509,2170400,Bridge Stone,
143,2025-08-05,3052.454345703125,3070.1668467420213,3040.153997759447,3050.4862900321364,2018000,Bridge Stone,
144,2025-08-06,3086.4033203125,3101.655751833254,3045.5661649504823,3052.454359830823,2559200,Bridge Stone,
145,2025-08-07,3078.0390625,3105.5918418318415,3074.10295116688,3082.9592016664005,3312200,Bridge Stone,
146,2025-08-08,3222.198974609375,3234.007308002355,3068.690640500637,3089.3552239383516,11790400,Bridge Stone,
147,2025-08-12,3253.19580078125,3270.41628672005,3209.8985789922676,3225.6430232791704,6475000,Bridge Stone,
148,2025-08-13,3255.1640625,3289.1130226439695,3254.67204858487,3273.86059127494,3506200,Bridge Stone,
149,2025-08-14,3205.470458984375,3232.5312226442584,3195.630181289872,3227.611083797007,2937000,Bridge Stone,
150,2025-08-15,3228.59521484375,3232.531326047461,3201.5344503182387,3219.738964635401,2651200,Bridge Stone,
151,2025-08-18,3264.51220703125,3267.4642904136444,3234.991373207305,3244.83165114862,2971600,Bridge Stone,
152,2025-08-19,3264.51220703125,3278.7806100461567,3246.3076928398173,3264.51220703125,2940400,Bridge Stone,
153,2025-08-20,3271.892333984375,3306.3333059210527,3271.892333984375,3273.368375638804,3682600,Bridge Stone,
154,2025-08-21,3277.3046875,3298.4612858429664,3273.860590095331,3274.352604010284,3120200,Bridge Stone,
155,2025-08-22,3296.4931640625,3315.18969245569,3289.1129554862405,3291.5730250116603,4236200,Bridge Stone,
156,2025-08-25,3343.7265625,3368.819272136183,3308.7935745751174,3311.745658061727,4285200,Bridge Stone,
157,2025-08-26,3320.10986328125,3363.8991012528018,3293.0490982426504,3354.0588230569474,4412200,Bridge Stone,
158,2025-08-27,3279.272705078125,3335.3622907313743,3279.272705078125,3320.1098595449644,3564400,Bridge Stone,
159,2025-08-28,3297.47705078125,3298.4610785493137,3265.00413443515,3271.8923288115952,3338200,Bridge Stone,
160,2025-08-29,3296.985107421875,3309.285454785783,3263.0361486974894,3272.8764265886157,3411000,Bridge Stone,
161,2025-09-01,3293.049072265625,3305.3494199134125,3269.432404781873,3290.5890027360674,2078400,Bridge Stone,
162,2025-09-02,3343.234375,3349.6305555555555,3305.3493055555555,3308.3013888888886,2974000,Bridge Stone,
163,2025-09-03,3356.518798828125,3388.499702071137,3350.1226181795228,3355.5347710360325,3761200,Bridge Stone,
164,2025-09-04,3367.34326171875,3367.34326171875,3326.9981203597586,3338.3144404970367,2677200,Bridge Stone,
165,2025-09-05,3424.90869140625,3443.6052192432617,3402.276052445657,3416.5444552686395,3673800,Bridge Stone,
166,2025-09-08,3442.129150390625,3471.1579696978074,3428.84477545344,3439.177067071251,3579800,Bridge Stone,
167,2025-09-09,3449.017333984375,3470.173931040199,3426.384695273493,3445.0812229042217,3087000,Bridge Stone,
168,2025-09-10,3428.352783203125,3443.605213782818,3414.5763942924355,3420.9725748581127,2894800,Bridge Stone,
169,2025-09-11,3419.988525390625,3430.8128308946666,3395.879844949805,3412.116303205867,3417200,Bridge Stone,
170,2025-09-12,3441.63720703125,3461.809776793692,3424.9087345453227,3437.701095858091,4303200,Bridge Stone,
171,2025-09-16,3449.509521484375,3465.745980507194,3433.765076371338,3442.129312837639,3367400,Bridge Stone,
172,2025-09-17,3435.733154296875,3468.2060725531533,3429.8289873411877,3450.9855855990663,3067800,Bridge Stone,
173,2025-09-18,3439.669189453125,3454.9216204176573,3424.908772390674,3448.5254396905957,2654200,Bridge Stone,
174,2025-09-19,3453.445556640625,3492.3146546566686,3444.097292560817,3457.8736817310605,7171600,Bridge Stone,
175,2025-09-22,3460.82568359375,3490.838530721873,3460.82568359375,3473.126030777407,2772800,Bridge Stone,
176,2025-09-24,3418.0205078125,3460.8257164176084,3408.1802299722453,3457.381619173519,2876200,Bridge Stone,
177,2025-09-25,3425.892822265625,3469.682059833001,3413.100460729088,3457.873726106967,3452200,Bridge Stone,
178,2025-09-26,3430.81298828125,3446.5574333730324,3414.0845153712307,3444.0973638274413,4386400,Bridge Stone,
179,2025-09-29,3379.1513671875,3424.4166446745776,3362.9149089584394,3420.9725474744737,3735400,Bridge Stone,
180,2025-09-30,3369.311279296875,3369.311279296875,3330.9341940478744,3348.15468101858,4931000,Bridge Stone,
181,2025-10-01,3364.883056640625,3381.119515314282,3346.678542370161,3357.502848152599,3909800,Bridge Stone,
182,2025-10-02,3359.962890625,3378.6594186442926,3340.2823348152183,3347.1705293486416,3351800,Bridge Stone,
183,2025-10-03,3366.85107421875,3384.5635743900016,3338.314268387289,3338.8062822809347,3577000,Bridge Stone,
184,2025-10-06,3474.60205078125,3495.2666339209854,3439.669064997411,3444.097189955926,5276200,Bridge Stone,
185,2025-10-07,3532.659912109375,3553.3244965534686,3475.0942840151138,3478.046367507127,5302000,Bridge Stone,
186,2025-10-08,3464.269775390625,3563.164566592658,3464.269775390625,3548.8961638819173,4520400,Bridge Stone,
187,2025-10-09,3439.17724609375,3485.918567750246,3434.7491208841875,3473.618219945905,4141400,Bridge Stone,
188,2025-10-10,3357.5029296875,3391.451889556849,3342.742512353,3349.13869319795,6884200,Bridge Stone,
189,2025-10-14,3238.435546875,3291.081035102837,3221.2150600715017,3251.2279085004557,8611400,Bridge Stone,
190,2025-10-15,3188.7421875,3226.627259007098,3164.1414917161705,3189.2342014156766,9759000,Bridge Stone,
191,2025-10-16,3228.59521484375,3255.6559793692613,3203.502505920094,3223.183061938648,5169400,Bridge Stone,
192,2025-10-17,3205.962646484375,3234.9914672551818,3199.0744517252006,3210.882785598071,4663600,Bridge Stone,
193,2025-10-20,3298.953125,3306.333333333333,3238.9274305555555,3255.163888888889,4295400,Bridge Stone,
194,2025-10-21,3312.7294921875,3348.6465058411,3306.3333116738454,3331.4260198427983,3543800,Bridge Stone,
195,2025-10-22,3326.998046875,3345.6945753845016,3313.713671355091,3321.0938799772625,4076000,Bridge Stone,
196,2025-10-23,3338.314208984375,3338.314208984375,3282.71663999171,3311.253445315379,3850800,Bridge Stone,
197,2025-10-24,3331.426025390625,3380.13540015265,3324.0458170933484,3365.374983558097,3456000,Bridge Stone,
198,2025-10-27,3367.835205078125,3385.0556918827615,3348.1546487299697,3361.9310381736786,3679800,Bridge Stone,
199,2025-10-28,3321.09375,3370.7871527777775,3321.09375,3362.914930555555,3385600,Bridge Stone,
200,2025-10-29,3305.349365234375,3339.790338078437,3298.953184563335,3321.093809963089,3511800,Bridge Stone,
201,2025-10-30,3318.141845703125,3331.9182353353444,3282.2248298762674,3305.3494839017785,4137000,Bridge Stone,
202,2025-10-31,3327.98193359375,3344.2183918741453,3301.9051975676607,3321.585753059049,4122200,Bridge Stone,
203,2025-11-04,3395.387939453125,3421.464676272574,3346.678563130004,3355.5348133705716,4719400,Bridge Stone,
204,2025-11-05,3399.816162109375,3419.4967187641323,3359.471020967122,3395.3880368620544,5056800,Bridge Stone,
205,2025-11-06,3349.138671875,3442.129300490304,3349.138671875,3423.4327719856396,5132000,Bridge Stone,
206,2025-11-07,3376.69140625,3384.0716147730586,3335.85425242241,3349.1386277639153,3190600,Bridge Stone,
207,2025-11-10,3402.76806640625,3416.052441448611,3386.0395941306842,3388.499663582973,3241800,Bridge Stone,
208,2025-11-11,3435.240966796875,3441.145133454217,3404.736105733941,3406.2121473982766,3457000,Bridge Stone,
209,2025-11-12,3547.420166015625,3581.8611385012136,3390.467734259871,3448.0333597000695,9328600,Bridge Stone,
210,2025-11-13,3567.100830078125,3567.100830078125,3442.1292975484916,3530.1997870083514,5296600,Bridge Stone,
211,2025-11-14,3598.589599609375,3606.4618218672026,3523.3114742689,3567.1007105780654,4253400,Bridge Stone,
212,2025-11-17,3571.036865234375,3586.781309941939,3540.0399897163584,3541.5160314076925,3813600,Bridge Stone,
213,2025-11-18,3496.74267578125,3607.9378136349947,3481.982259251992,3594.1614248743535,4051800,Bridge Stone,
214,2025-11-19,3511.503173828125,3550.3722715908298,3495.2667152690206,3522.3274795341945,3789000,Bridge Stone,
215,2025-11-20,3495.266845703125,3575.465113699973,3494.7748317890337,3549.8803901672363,3304800,Bridge Stone,
216,2025-11-21,3553.324462890625,3563.164741104113,3480.5064041108117,3493.2987657883464,6875200,Bridge Stone,
217,2025-11-25,3536.595947265625,3583.8292821205914,3533.643863837189,3576.9410874542423,3499200,Bridge Stone,
218,2025-11-26,3586.78125,3605.9697916666664,3544.9600694444443,3567.1006944444443,4181200,Bridge Stone,
219,2025-11-27,3585.305419921875,3596.6217400341575,3548.8963899954006,3551.356459585027,2955400,Bridge Stone,
220,2025-11-28,3603.017822265625,3609.414003023436,3567.5928211454384,3585.3053217055317,2532800,Bridge Stone,
221,2025-12-01,3541.024169921875,3608.9220906456794,3541.024169921875,3599.0818122799105,3224600,Bridge Stone,
222,2025-12-02,3590.717529296875,3596.621696240087,3540.040096367637,3553.3244719898644,2797600,Bridge Stone,
223,2025-12-03,3599.57373046875,3665.503593766018,3599.57373046875,3624.6664396341284,3643600,Bridge Stone,
224,2025-12-04,3613.35009765625,3630.078570330584,3567.1007908507368,3570.052874263855,3227000,Bridge Stone,
225,2025-12-05,3444.097412109375,3520.8515830078127,3444.097412109375,3503.13908203125,6867800,Bridge Stone,
226,2025-12-08,3483.45849609375,3483.45849609375,3443.113355319783,3459.841828323623,3539600,Bridge Stone,
227,2025-12-09,3493.790771484375,3526.755703422053,3488.378618479682,3493.2987575748575,3054600,Bridge Stone,
228,2025-12-10,3556.2763671875,3579.8930337100514,3528.723589577857,3535.1197700943812,3891200,Bridge Stone,
229,2025-12-11,3528.7236328125,3571.0368275171677,3524.787521677182,3566.608702489935,2495200,Bridge Stone,
230,2025-12-12,3595.6376953125,3595.6376953125,3545.944289835412,3548.4043594134855,4194800,Bridge Stone,
231,2025-12-15,3622.206298828125,3636.9667156937653,3595.6375484699724,3596.6215762610154,2854400,Bridge Stone,
232,2025-12-16,3573.4970703125,3645.8231159322077,3573.4970703125,3642.3790185217454,4084400,Bridge Stone,
233,2025-12-17,3523.3115234375,3569.0688159496754,3520.3594400496177,3560.2125657860283,3171600,Bridge Stone,
234,2025-12-18,3523.803466796875,3563.1645778473844,3513.4711751461164,3563.1645778473844,3166400,Bridge Stone,
235,2025-12-19,3534.6279296875,3575.9570981303937,3528.7237627670866,3566.6088338397394,5340000,Bridge Stone,
236,2025-12-22,3533.15185546875,3572.512967909566,3533.15185546875,3571.0369261930355,2340400,Bridge Stone,
237,2025-12-23,3527.73974609375,3551.356413850026,3510.519259188132,3510.519259188132,2234000,Bridge Stone,
238,2025-12-24,3506.091064453125,3539.055995875853,3506.091064453125,3531.6757873483766,2361000,Bridge Stone,
239,2025-12-25,3539.548095703125,3542.9921930995556,3509.535246962801,3542.0081652720037,1280200,Bridge Stone,
240,2025-12-26,3542.5,3565.6246527777776,3535.1197916666665,3564.640625,2288200,Bridge Stone,
241,2025-12-29,3554.0,3577.0,3513.0,3542.0,2457800,Bridge Stone,
242,2025-12-30,3514.0,3559.0,3514.0,3556.0,2537500,Bridge Stone,
243,2026-01-05,3530.0,3569.0,3513.0,3559.0,3162000,Bridge Stone,
244,2026-01-06,3551.0,3557.0,3516.0,3520.0,3344500,Bridge Stone,
245,2026-01-07,3549.0,3563.0,3493.0,3507.0,3781500,Bridge Stone,
246,2026-01-08,3459.0,3513.0,3456.0,3506.0,4713500,Bridge Stone,
247,2026-01-09,3476.0,3485.0,3445.0,3455.0,4121500,Bridge Stone,
248,2026-01-13,3480.0,3526.0,3480.0,3516.0,5223800,Bridge Stone,
249,2026-01-14,3494.0,3505.0,3460.0,3472.0,3998900,Bridge Stone,
250,2026-01-15,3504.0,3518.0,3478.0,3485.0,4170300,Bridge Stone,
251,2026-01-16,3538.0,3546.0,3478.0,3480.0,3545200,Bridge Stone,
252,2026-01-19,3495.0,3510.0,3467.0,3502.0,3246800,Bridge Stone,
253,2026-01-20,3489.0,3501.0,3452.0,3480.0,3397800,Bridge Stone,
254,2026-01-21,3493.0,3506.0,3455.0,3457.0,3464300,Bridge Stone,
255,2026-01-22,3547.0,3565.0,3517.0,3563.0,3744300,Bridge Stone,
256,2026-01-23,3545.0,3579.0,3544.0,3575.0,3359900,Bridge Stone,
257,2026-01-26,3482.0,3500.0,3440.0,3478.0,3527100,Bridge Stone,
258,2026-01-27,3497.0,3503.0,3433.0,3456.0,3934800,Bridge Stone,
259,2026-01-28,3465.0,3493.0,3435.0,3445.0,3757900,Bridge Stone,
260,2026-01-29,3459.0,3481.0,3405.0,3453.0,3562300,Bridge Stone,
261,2026-01-30,3485.0,3496.0,3456.0,3482.0,4178000,Bridge Stone,
262,2026-02-02,3490.0,3600.0,3487.0,3600.0,3219300,Bridge Stone,
263,2026-02-03,3551.0,3555.0,3493.0,3537.0,4231500,Bridge Stone,
264,2026-02-04,3625.0,3640.0,3548.0,3579.0,4225900,Bridge Stone,
265,2026-02-05,3671.0,3692.0,3640.0,3673.0,4549000,Bridge Stone,
266,2026-02-06,3740.0,3740.0,3642.0,3664.0,4608500,Bridge Stone,
0,2025-01-06,5501.3720703125,5551.736744195643,5454.881602112676,5547.862538512324,4895400,Honda,0.0
1,2025-01-07,5533.33447265625,5542.051435767384,5431.636569693025,5520.743303717946,4100900,Honda,1.0
2,2025-01-08,5308.63037109375,5418.076682338704,5292.16499683566,5404.516962361453,9870100,Honda,2.0
3,2025-01-09,5091.67529296875,5292.165455731643,5091.67529296875,5280.542837600461,11389400,Honda,3.0
4,2025-01-10,5000.63134765625,5112.983320603786,5000.63134765625,5058.744437111872,9306400,Honda,4.0
5,2025-01-14,5082.9580078125,5117.825860000238,4988.039965745879,4990.945620094858,8400000,Honda,5.0
6,2025-01-15,5116.857421875,5181.750370439381,5090.706532155025,5179.813267497161,4807000,Honda,6.0
7,2025-01-16,5154.630859375,5227.272218723577,5123.637212719607,5171.096234160677,5165900,Honda,7.0
8,2025-01-17,5072.3037109375,5103.297355915541,4985.13408443676,5086.831982020956,4750100,Honda,8.0
9,2025-01-20,5150.7568359375,5150.7568359375,5075.20981953977,5092.643746400785,2896200,Honda,9.0
10,2025-01-21,5089.73828125,5154.631233646527,5043.2478078912945,5153.662682118221,3915200,Honda,10.0
11,2025-01-22,5002.568359375,5089.737991968175,4997.7256020087125,5082.958131655373,5409500,Honda,11.0
12,2025-01-23,5001.599609375,5102.328958595565,5001.599609375,5038.404563897899,6077400,Honda,12.0
13,2025-01-24,5030.65625,5073.272513958414,5002.568257845591,5027.750595639199,4724000,Honda,13.0
14,2025-01-27,5045.1845703125,5085.8637317548355,5027.750643980071,5056.807187867453,3997700,Honda,14.0
15,2025-01-28,5030.65625,5104.266160473623,5021.939286917597,5099.423403205622,3808500,Honda,15.0
16,2025-01-29,5010.31689453125,5028.719372976271,4988.0402100978035,5024.845166987845,4039300,Honda,16.0
17,2025-01-30,5049.05859375,5062.618313740888,5011.285088061097,5031.62466804743,3416300,Honda,17.0
18,2025-01-31,4997.7255859375,5027.75068151193,4960.920630072069,5017.096615340358,4532500,Honda,18.0
19,2025-02-03,4881.4990234375,4936.7064528692335,4840.8198649088545,4900.870051308284,4466300,Honda,19.0
20,2025-02-04,4914.43017578125,4966.731955342186,4892.153491894185,4965.763403868836,3764800,Honda,20.0
21,2025-02-05,4921.2099609375,5011.285246583473,4900.870380307764,4950.266504694266,3637700,Honda,21.0
22,2025-02-06,4918.3046875,4980.291985648878,4898.933656828476,4905.713517563509,3271300,Honda,22.0
23,2025-02-07,4879.56201171875,4929.926685122755,4852.442572193517,4918.304068183369,2680600,Honda,23.0
24,2025-02-10,4864.0654296875,4887.310664715876,4835.977437361547,4866.971084066047,3064800,Honda,24.0
25,2025-02-12,4845.6630859375,4864.065564177118,4809.826680944558,4864.065564177118,4926900,Honda,25.0
26,2025-02-13,4916.3671875,4952.203591348995,4862.128305998818,4871.8138205526,4827300,Honda,26.0
27,2025-02-14,4888.279296875,4927.02135589521,4859.222752609842,4877.625230644442,4125800,Honda,27.0
28,2025-02-17,5005.4736328125,5033.561623399103,4906.681390059622,4920.241109653154,7904000,Honda,28.0
29,2025-02-18,5020.00244140625,5225.335360097765,4994.8201023214415,5225.335360097765,7067500,Honda,29.0
30,2025-02-19,4948.3291015625,5118.794147926759,4944.454895963312,5031.624521945036,5339400,Honda,30.0
31,2025-02-20,4913.46142578125,4975.448717571117,4844.694273951865,4939.612314505101,5364400,Honda,31.0
32,2025-02-21,4951.23486328125,4991.914022956096,4868.907992510728,4913.461357868893,4551700,Honda,32.0
33,2025-02-25,4982.228515625,5011.285058289998,4881.499167719673,4883.436270564007,5078200,Honda,33.0
34,2025-02-26,4932.83251953125,5015.159392525587,4870.84522692375,4984.165746221836,5184400,Honda,34.0
35,2025-02-27,5062.6181640625,5068.42947245821,4941.54923915188,4942.517790551165,4795700,Honda,35.0
36,2025-02-28,5130.4169921875,5156.567881141448,5040.34170801279,5062.618391195783,13900600,Honda,36.0
37,2025-03-03,5343.49853515625,5359.963910377866,5278.605585753409,5312.504887680267,8013700,Honda,37.0
38,2025-03-04,5314.44189453125,5408.391386743667,5270.857078556417,5365.775122234942,6692300,Honda,38.0
39,2025-03-05,5249.548828125,5313.473223449031,5218.555181907288,5313.473223449031,4856800,Honda,39.0
40,2025-03-06,5320.2529296875,5348.340920759944,5237.926059302749,5272.7939102892315,5687000,Honda,40.0
41,2025-03-07,5174.001953125,5304.75640158473,5170.127747244712,5263.108688371631,6076800,Honda,41.0
42,2025-03-10,5143.9765625,5209.838058687159,5124.605534209659,5135.259599769346,3869800,Honda,42.0
43,2025-03-11,5110.0771484375,5110.0771484375,4940.5806546966805,4989.9767757297195,7415300,Honda,43.0
44,2025-03-12,5254.3916015625,5305.72482826901,5102.329024337558,5110.077435915899,6603200,Honda,44.0
45,2025-03-13,5365.77490234375,5427.762193634364,5329.938499566364,5334.781256698443,7582300,Honda,45.0
46,2025-03-14,5404.51708984375,5459.724522481939,5364.806480402246,5386.114612297687,5910700,Honda,46.0
47,2025-03-17,5529.46044921875,5546.894376016076,5467.473153939367,5472.315911383069,5321100,Honda,47.0
48,2025-03-18,5833.58544921875,5844.2395152890485,5706.705207836108,5723.170582672023,10162300,Honda,48.0
49,2025-03-19,5866.51611328125,5939.157471791419,5846.176532898403,5857.79915026003,6315200,Honda,49.0
50,2025-03-21,5793.875,5860.705052657974,5758.038594951521,5807.434720829154,7508700,Honda,50.0
51,2025-03-24,5761.91259765625,5844.239471214963,5755.132737480827,5820.994236327797,3006800,Honda,51.0
52,2025-03-25,5738.66748046875,5814.214495401503,5728.981965733782,5753.195752571202,3847100,Honda,52.0
53,2025-03-26,5818.08837890625,5839.396510142465,5765.786602235543,5811.308518967455,4866000,Honda,53.0
54,2025-03-27,5919.78662109375,5953.6859227525,5792.906377742428,5818.0887161175,6701800,Honda,54.0
55,2025-03-28,5922.736328125,5994.509195315093,5840.148371358317,5938.46736750913,5164400,Honda,55.0
56,2025-03-31,5639.57763671875,5720.199213812707,5577.636668951442,5687.753944982212,6805300,Honda,56.0
57,2025-04-01,5701.5185546875,5778.207371253395,5663.174146404553,5734.947013190583,5150900,Honda,57.0
58,2025-04-02,5727.08154296875,5765.425951582618,5644.493585954266,5757.560431866953,5456200,Honda,58.0
59,2025-04-03,5429.1748046875,5534.376127415056,5367.233838969406,5432.124374483599,7906800,Honda,59.0
60,2025-04-04,5067.36083984375,5350.519536365869,4946.428479870761,5261.0492537842265,9024600,Honda,60.0
61,2025-04-07,4426.3212890625,4567.900646153793,4282.775552011606,4357.497990476455,10375700,Honda,61.0
62,2025-04-08,4990.67236328125,5058.5124722383825,4830.412395744835,4839.261105608809,8950900,Honda,62.0
63,2025-04-09,4664.2529296875,4824.51288490231,4605.261535129901,4823.529694993017,9197900,Honda,63.0
64,2025-04-10,5178.46142578125,5264.982140698423,5119.470029246814,5240.402392142408,8247700,Honda,64.0
65,2025-04-11,4832.37841796875,4900.218521903612,4750.7736552644965,4883.504293397921,9920200,Honda,65.0
66,2025-04-14,4876.6220703125,4940.529415991999,4846.143182373047,4846.143182373047,4547500,Honda,66.0
67,2025-04-15,4954.2939453125,4974.940933375918,4890.386601306683,4936.5965269724275,4663100,Honda,67.0
68,2025-04-16,4960.193359375,5023.117516956764,4901.201961642096,4995.588198014742,3114700,Honda,68.0
69,2025-04-17,5153.8818359375,5153.8818359375,4963.142981269077,4968.058931131665,4044400,Honda,69.0
70,2025-04-18,5202.05810546875,5217.7891449107265,5117.503768468124,5141.100327631089,2775900,Honda,70.0
71,2025-04-21,5117.50341796875,5210.906458258285,5091.940480626351,5201.07455928044,3407300,Honda,71.0
72,2025-04-22,5101.7724609375,5145.032817129686,5053.596155178021,5116.520309639382,3129000,Honda,72.0
73,2025-04-23,5319.0576171875,5374.116254260051,5265.9653600103975,5356.418835201017,4845500,Honda,73.0
74,2025-04-24,5482.26708984375,5501.93088858781,5393.779995495483,5406.561464679122,4364000,Honda,74.0
75,2025-04-25,5471.4521484375,5558.956055213948,5452.771539125673,5534.37630611944,4613200,Honda,75.0
76,2025-04-28,5522.578125,5562.8889142335765,5467.519486046822,5543.225114607442,8361600,Honda,76.0
77,2025-04-30,5612.04833984375,5661.207838265646,5504.880633284014,5620.897049559691,5766800,Honda,77.0
78,2025-05-01,5572.720703125,5574.687083048474,5477.351276836516,5570.754323201526,3636000,Honda,78.0
79,2025-05-02,5554.0400390625,5645.4767046020315,5549.1240893023105,5572.720648151221,4242300,Honda,79.0
80,2025-05-07,5676.9384765625,5732.9803008028985,5623.846222018964,5732.9803008028985,5659500,Honda,80.0
81,2025-05-08,5623.8466796875,5695.6195481520435,5590.418220402645,5656.291948993389,3498000,Honda,81.0
82,2025-05-09,5723.1484375,5743.795425506785,5663.1738532898125,5722.165247594915,4045000,Honda,82.0
83,2025-05-12,5832.28271484375,5851.946513612609,5779.190458167829,5821.467625520877,3246000,Honda,83.0
84,2025-05-13,5773.29150390625,5916.8372395278975,5744.778994775923,5899.139820067694,6391300,Honda,84.0
85,2025-05-14,5811.6357421875,5811.6357421875,5690.703379425013,5696.602519071963,4573600,Honda,85.0
86,2025-05-15,5712.33349609375,5759.526612756831,5655.308480125861,5741.829194008175,4152000,Honda,86.0
87,2025-05-16,5816.5517578125,5870.627205189053,5741.829321437627,5798.854338671083,5943100,Honda,87.0
88,2025-05-19,5751.6611328125,5815.568478732638,5749.694752938034,5815.568478732638,3564500,Honda,88.0
89,2025-05-20,5702.50146484375,5816.5514941406245,5693.652755674165,5790.988556539602,4480700,Honda,89.0
90,2025-05-21,5554.0400390625,5603.199536664399,5481.283982611691,5556.006418966576,8832400,Honda,90.0
91,2025-05-22,5552.07373046875,5584.518999302727,5486.20000283613,5512.7461318821115,5395600,Honda,91.0
92,2025-05-23,5653.34228515625,5730.031102241848,5562.88880859375,5584.518987771739,4996200,Honda,92.0
93,2025-05-26,5697.5859375,5729.048016878774,5662.1910981988785,5662.1910981988785,2929200,Honda,93.0
94,2025-05-27,5790.00537109375,5809.669169263537,5621.879896742072,5624.8294664675395,3594400,Honda,94.0
95,2025-05-28,5868.66064453125,6004.340853769869,5808.686059288093,5948.299028214787,5858400,Honda,95.0
96,2025-05-29,6064.3154296875,6073.1641389720635,5898.1563331218085,5899.139523042315,7022900,Honda,96.0
97,2025-05-30,6009.2568359375,6049.567622958677,5982.710707899163,6003.357696373425,8870500,Honda,97.0
98,2025-06-02,6071.19775390625,6071.19775390625,5933.55116515372,5972.878761940156,4162600,Honda,98.0
99,2025-06-03,6068.24853515625,6093.811474546085,6019.089036329644,6090.8619046164895,3529900,Honda,99.0
100,2025-06-04,6160.66796875,6160.66796875,6045.634749416494,6054.483458595994,4701200,Honda,100.0
101,2025-06-05,6068.24853515625,6151.8196831614805,6066.282155203186,6130.189503677774,4563300,Honda,101.0
102,2025-06-06,6093.81103515625,6137.071391004407,6082.995946194211,6120.357162608528,3343700,Honda,102.0
103,2025-06-09,6120.357421875,6163.617779555723,6102.660002823795,6109.542332454819,2935900,Honda,103.0
104,2025-06-10,6051.5341796875,6187.2143936268785,6026.9544307854385,6150.836365251828,4603000,Honda,104.0
105,2025-06-11,5900.123046875,6024.988173846026,5869.644157614356,6017.122654036827,5156900,Honda,105.0
106,2025-06-12,5876.5263671875,5954.19837371382,5863.744897759118,5939.450524373379,3503300,Honda,106.0
107,2025-06-13,5785.08984375,5862.761852189199,5752.64457440198,5830.316582841179,4981200,Honda,107.0
108,2025-06-16,5820.484375,5876.52620090794,5801.803766364021,5849.980072846284,2910800,Honda,108.0
109,2025-06-17,5803.77001953125,5830.3161470134355,5784.106221396297,5802.786829624502,2584200,Honda,109.0
110,2025-06-18,5844.0810546875,5848.01381448204,5738.879730183536,5753.627579413063,3524000,Honda,110.0
111,2025-06-19,5797.87109375,5829.333171925344,5767.392205517636,5818.5180825525695,2363300,Honda,111.0
112,2025-06-20,5690.70361328125,5808.686411068698,5690.70361328125,5780.173901603398,5179900,Honda,112.0
113,2025-06-23,5711.3505859375,5722.165675702574,5649.409617282988,5702.501876129712,2797600,Honda,113.0
114,2025-06-24,5757.56005859375,5824.416971842448,5733.9635009765625,5793.938084920248,3056300,Honda,114.0
115,2025-06-25,5751.6611328125,5777.224071180555,5695.619306390224,5773.291311431623,3454900,Honda,115.0
116,2025-06-26,5902.08935546875,5902.08935546875,5703.4849826876925,5770.341900257554,6529200,Honda,116.0
117,2025-06-27,5983.69384765625,6070.214560537247,5933.551161782036,5948.299010568569,6532300,Honda,117.0
118,2025-06-30,6008.27392578125,6052.517474571981,5959.114427124882,6017.1226355393965,5203600,Honda,118.0
119,2025-07-01,5946.33251953125,5967.962697347006,5896.189834594727,5965.996317545573,3597000,Honda,119.0
120,2025-07-02,5921.7529296875,5935.517588664027,5832.282646340072,5906.021890857183,4189300,Honda,120.0
121,2025-07-03,5905.03857421875,5923.719182428899,5867.677357798451,5899.139434783966,3552400,Honda,121.0
122,2025-07-04,5800.82080078125,5925.685926492982,5783.123381389036,5906.022127168299,4162100,Honda,122.0
123,2025-07-07,5736.9130859375,5810.652328687339,5718.232477774207,5801.803619557359,2314500,Honda,123.0
124,2025-07-08,5668.08984375,5695.619161291197,5611.064828843235,5690.703211730269,6813000,Honda,124.0
125,2025-07-09,5669.0732421875,5725.115069243464,5656.291772858946,5721.182309450062,2410500,Honda,125.0
126,2025-07-10,5601.23291015625,5607.132049608758,5515.695388094886,5589.434631251234,6516700,Honda,126.0
127,2025-07-11,5668.08984375,5717.24933935928,5600.249739809194,5615.980778404163,3572100,Honda,127.0
128,2025-07-14,5694.63623046875,5719.215979391699,5600.249994604627,5614.014654001478,2472100,Honda,128.0
129,2025-07-15,5788.0390625,5795.904581864702,5684.804120838287,5709.383868852981,3811100,Honda,129.0
130,2025-07-16,5742.8125,5795.904757318953,5701.51852208526,5790.988807567198,2961700,Honda,130.0
131,2025-07-17,5857.845703125,5857.845703125,5744.778859241252,5745.762049188066,4024700,Honda,131.0
132,2025-07-18,5786.07275390625,5875.543037781436,5761.493005588892,5869.64389818527,3405500,Honda,132.0
133,2025-07-22,5795.90478515625,5821.467723988152,5706.434499244593,5800.820734931615,3383300,Honda,133.0
134,2025-07-23,6021.05517578125,6025.97112546755,5790.988730462372,5822.450808454697,6355800,Honda,134.0
135,2025-07-24,6173.44970703125,6226.54196442569,6109.542360167572,6148.8699582375275,6319200,Honda,135.0
136,2025-07-25,6014.1728515625,6159.684962406255,6004.340952181165,6159.684962406255,3661100,Honda,136.0
137,2025-07-28,5949.2822265625,6056.449928214345,5943.383087022032,6052.5171685207,2692000,Honda,137.0
138,2025-07-29,5887.34130859375,5907.0051072196475,5854.896040861019,5900.122777700583,2670100,Honda,138.0
139,2025-07-30,5920.77001953125,5930.601919264779,5837.198871796252,5871.6105208636045,2951500,Honda,139.0
140,2025-07-31,6021.05517578125,6030.887075153852,5920.769802180713,5927.6521317415345,3146700,Honda,140.0
141,2025-08-01,6079.0634765625,6165.584192386129,6008.27379997953,6021.055269362567,3663900,Honda,141.0
142,2025-08-04,5931.5849609375,5931.5849609375,5861.778474574735,5887.34141324279,4675700,Honda,142.0
143,2025-08-05,5982.7109375,5998.441976941249,5886.35832092235,5919.786779735004,3536200,Honda,143.0
144,2025-08-06,6053.50048828125,6076.113857004731,5967.962963109824,5975.828482665817,3188300,Honda,144.0
145,2025-08-07,6130.189453125,6172.466621767241,6080.046764735365,6119.374363472333,3613400,Honda,145.0
146,2025-08-08,6144.93701171875,6215.72668609375,6052.5171590625,6158.701670625,6759700,Honda,146.0
147,2025-08-12,6277.66796875,6337.642557018402,6164.6011220144865,6194.0968211628815,6280600,Honda,147.0
148,2025-08-13,6402.53271484375,6409.415044236242,6243.255948903226,6243.255948903226,6423400,Honda,148.0
149,2025-08-14,6321.9111328125,6363.205109107698,6277.66758678193,6328.7934621950335,4378600,Honda,149.0
150,2025-08-15,6530.34765625,6554.927405031429,6353.373465023713,6371.070884146342,4590100,Honda,150.0
151,2025-08-18,6447.759765625,6597.204639729147,6447.759765625,6568.692130854014,4228600,Honda,151.0
152,2025-08-19,6342.55810546875,6513.633149702444,6333.709396284248,6497.902111152219,4285400,Honda,152.0
153,2025-08-20,6371.07080078125,6414.331158070505,6308.146644724151,6337.642342875916,3839800,Honda,153.0
154,2025-08-21,6316.99560546875,6458.574962229451,6314.046035536236,6371.071054231517,3291900,Honda,154.0
155,2025-08-22,6456.6083984375,6491.020046670378,6334.692844698159,6343.541554243757,3607800,Honda,155.0
156,2025-08-25,6437.927734375,6510.683790016989,6404.499276377329,6488.070421371506,2591900,Honda,156.0
157,2025-08-26,6338.62548828125,6477.255268620579,6337.642298349765,6404.4992136907185,3827400,Honda,157.0
158,2025-08-27,6277.66796875,6337.642557018402,6238.340369885474,6309.130047841621,3523300,Honda,158.0
159,2025-08-28,6355.33984375,6362.2221734075265,6273.73507781076,6297.331636636564,3637600,Honda,159.0
160,2025-08-29,6293.39892578125,6356.323083139476,6254.07132743236,6350.423943387142,3084000,Honda,160.0
161,2025-09-01,6272.751953125,6381.886038829839,6264.886433434561,6302.247651964146,2482800,Honda,161.0
162,2025-09-02,6353.37353515625,6388.768373792218,6259.970488755779,6295.365327391747,2988300,Honda,162.0
163,2025-09-03,6187.21435546875,6370.08768617226,6171.483316268448,6327.810518321448,4241900,Honda,163.0
164,2025-09-04,6331.7431640625,6364.188431828658,6219.659511779406,6238.340120493255,3575100,Honda,164.0
165,2025-09-05,6363.205078125,6426.129232173207,6325.843861658876,6383.852066172068,2802200,Honda,165.0
166,2025-09-08,6404.49951171875,6465.457290307415,6343.541733130085,6385.818902151256,2671900,Honda,166.0
167,2025-09-09,6345.5078125,6462.507414248916,6344.524622569337,6431.045336467694,3269100,Honda,167.0
168,2025-09-10,6410.3984375,6410.3984375,6315.029012893022,6321.911342503834,3675900,Honda,168.0
169,2025-09-11,6366.15478515625,6390.734533361487,6307.1633894636825,6387.784963576858,3504800,Honda,169.0
170,2025-09-12,6349.4404296875,6466.440028809955,6342.5581003273555,6464.473648992771,3967900,Honda,170.0
171,2025-09-16,6421.21337890625,6447.7595067933225,6329.776716184112,6430.062088201941,3517900,Honda,171.0
172,2025-09-17,6284.55029296875,6410.398609223444,6275.701583232092,6381.88610007199,4573400,Honda,172.0
173,2025-09-18,6258.00390625,6325.844011439513,6238.340107644344,6311.096162485271,3265800,Honda,173.0
174,2025-09-19,6219.65966796875,6326.827373281521,6216.710098097757,6278.651065388624,5442800,Honda,174.0
175,2025-09-22,6168.53369140625,6258.003976060054,6168.53369140625,6238.340177235043,3058300,Honda,175.0
176,2025-09-24,6114.4580078125,6114.4580078125,5967.962712240211,5997.458409335302,6148800,Honda,176.0
177,2025-09-25,6065.298828125,6151.819544104089,6036.786319450073,6144.937214423934,5827300,Honda,177.0
178,2025-09-26,6170.5,6208.844407265775,6084.962476099427,6107.575844486934,5270100,Honda,178.0
179,2025-09-29,6098.0,6167.0,6092.0,6160.0,4281900,Honda,179.0
180,2025-09-30,6269.0,6269.0,6071.0,6092.0,5812100,Honda,180.0
181,2025-10-01,6141.0,6248.0,6066.0,6202.0,6274800,Honda,181.0
182,2025-10-02,6178.0,6217.0,6118.0,6119.0,5195200,Honda,182.0
183,2025-10-03,6150.0,6225.0,6120.0,6120.0,5801500,Honda,183.0
184,2025-10-06,6243.0,6314.0,6160.0,6306.0,5813200,Honda,184.0
185,2025-10-07,6176.0,6332.0,6152.0,6268.0,5021200,Honda,185.0
186,2025-10-08,6394.0,6416.0,6273.0,6306.0,6285400,Honda,186.0
187,2025-10-09,6396.0,6420.0,6307.0,6413.0,4502100,Honda,187.0
188,2025-10-10,6328.0,6356.0,6266.0,6347.0,4571300,Honda,188.0
189,2025-10-14,6177.0,6280.0,6151.0,6186.0,5810900,Honda,189.0
190,2025-10-15,6260.0,6263.0,6182.0,6197.0,4263300,Honda,190.0
191,2025-10-16,6191.0,6310.0,6173.0,6235.0,3965200,Honda,191.0
192,2025-10-17,5975.0,6090.0,5938.0,6066.0,7653200,Honda,192.0
193,2025-10-20,6101.0,6107.0,6053.0,6075.0,3889200,Honda,193.0
194,2025-10-21,5980.0,6089.0,5980.0,6070.0,6778300,Honda,194.0
195,2025-10-22,5941.0,5999.0,5941.0,5971.0,6502300,Honda,195.0
196,2025-10-23,5992.0,5997.0,5887.0,5920.0,4168300,Honda,196.0
197,2025-10-24,5941.0,6006.0,5941.0,5992.0,3159300,Honda,197.0
198,2025-10-27,6018.0,6034.0,5987.0,6011.0,3415000,Honda,198.0
199,2025-10-28,5913.0,6035.0,5913.0,6033.0,4288300,Honda,199.0
200,2025-10-29,5771.0,5874.0,5766.0,5861.0,6419000,Honda,200.0
201,2025-10-30,5791.0,5842.0,5759.0,5804.0,15905200,Honda,201.0
202,2025-10-31,5782.0,5808.0,5743.0,5792.0,6032200,Honda,202.0
203,2025-11-04,5717.0,5754.0,5633.0,5750.0,6839200,Honda,203.0
204,2025-11-05,5762.0,5829.0,5635.0,5782.0,6556600,Honda,204.0
205,2025-11-06,5860.0,5863.0,5752.0,5756.0,4962500,Honda,205.0
206,2025-11-07,5839.0,5854.0,5771.0,5790.0,3892600,Honda,206.0
207,2025-11-10,5868.0,5878.0,5818.0,5865.0,3041500,Honda,207.0
208,2025-11-11,5803.0,5898.0,5795.0,5898.0,2889100,Honda,208.0
209,2025-11-12,5855.0,5890.0,5827.0,5839.0,4520600,Honda,209.0
210,2025-11-13,5916.0,5935.0,5890.0,5930.0,3001400,Honda,210.0
211,2025-11-14,5922.0,5929.0,5857.0,5902.0,4164000,Honda,211.0
212,2025-11-17,6000.0,6027.0,5924.0,5929.0,4514100,Honda,212.0
213,2025-11-18,5800.0,6010.0,5790.0,5994.0,5947000,Honda,213.0
214,2025-11-19,5811.0,5887.0,5783.0,5870.0,4942400,Honda,214.0
215,2025-11-20,5350.0,5493.0,5332.0,5409.0,18655800,Honda,215.0
216,2025-11-21,5541.0,5541.0,5300.0,5300.0,16550800,Honda,216.0
217,2025-11-25,5456.0,5568.0,5420.0,5538.0,8219200,Honda,217.0
218,2025-11-26,5554.0,5574.0,5463.0,5478.0,6557900,Honda,218.0
219,2025-11-27,5507.0,5557.0,5486.0,5555.0,5202600,Honda,219.0
220,2025-11-28,5509.0,5534.0,5470.0,5530.0,5534400,Honda,220.0
221,2025-12-01,5485.0,5537.0,5451.0,5537.0,4703700,Honda,221.0
222,2025-12-02,5463.0,5533.0,5463.0,5518.0,5465300,Honda,222.0
223,2025-12-03,5479.0,5521.0,5443.0,5500.0,4607800,Honda,223.0
224,2025-12-04,5612.0,5615.0,5487.0,5500.0,5091000,Honda,224.0
225,2025-12-05,5529.0,5546.0,5495.0,5520.0,4206500,Honda,225.0
226,2025-12-08,5604.0,5604.0,5463.0,5485.0,4153300,Honda,226.0
227,2025-12-09,5546.0,5654.0,5543.0,5654.0,3338700,Honda,227.0
228,2025-12-10,5580.0,5595.0,5515.0,5531.0,3926600,Honda,228.0
229,2025-12-11,5554.0,5685.0,5552.0,5640.0,4202800,Honda,229.0
230,2025-12-12,5765.0,5789.0,5637.0,5654.0,5804800,Honda,230.0
231,2025-12-15,5846.0,5870.0,5752.0,5775.0,4727300,Honda,231.0
232,2025-12-16,5722.0,5865.0,5722.0,5849.0,4385800,Honda,232.0
233,2025-12-17,5836.0,5842.0,5722.0,5725.0,4139000,Honda,233.0
234,2025-12-18,5899.0,5917.0,5825.0,5875.0,5104500,Honda,234.0
235,2025-12-19,5954.0,6020.0,5954.0,5974.0,6975600,Honda,235.0
236,2025-12-22,5820.0,5998.0,5810.0,5997.0,5613900,Honda,236.0
237,2025-12-23,5902.0,5919.0,5855.0,5869.0,3192700,Honda,237.0
238,2025-12-24,5798.0,5893.0,5797.0,5855.0,3608900,Honda,238.0
239,2025-12-25,5790.0,5840.0,5777.0,5832.0,1698100,Honda,239.0
240,2025-12-26,5803.0,5819.0,5770.0,5785.0,2297500,Honda,240.0
241,2025-12-29,5836.0,5849.0,5785.0,5805.0,2843200,Honda,241.0
242,2025-12-30,5817.0,5867.0,5817.0,5864.0,2437600,Honda,242.0
243,2026-01-05,5911.0,5929.0,5865.0,5895.0,4528100,Honda,243.0
244,2026-01-06,6021.0,6068.0,5955.0,5956.0,5425400,Honda,244.0
245,2026-01-07,5899.0,5930.0,5868.0,5868.0,6021100,Honda,245.0
246,2026-01-08,5905.0,5918.0,5873.0,5880.0,4043700,Honda,246.0
247,2026-01-09,5955.0,5967.0,5914.0,5916.0,4659100,Honda,247.0
248,2026-01-13,6036.0,6075.0,5965.0,6018.0,6517300,Honda,248.0
249,2026-01-14,6053.0,6058.0,5971.0,6036.0,5645100,Honda,249.0
250,2026-01-15,6053.0,6062.0,5995.0,6019.0,5770600,Honda,250.0
251,2026-01-16,6035.0,6065.0,5996.0,6000.0,3956600,Honda,251.0
252,2026-01-19,6059.0,6059.0,5962.0,6039.0,3850700,Honda,252.0
253,2026-01-20,5984.0,6055.0,5984.0,6047.0,4394600,Honda,253.0
254,2026-01-21,5819.0,5930.0,5809.0,5912.0,7341900,Honda,254.0
255,2026-01-22,5811.0,5872.0,5793.0,5852.0,6064100,Honda,255.0
256,2026-01-23,5860.0,5893.0,5777.0,5800.0,5465400,Honda,256.0
257,2026-01-26,5678.0,5730.0,5632.0,5716.0,6638300,Honda,257.0
258,2026-01-27,5638.0,5673.0,5593.0,5650.0,5362100,Honda,258.0
259,2026-01-28,5581.0,5599.0,5547.0,5580.0,4696000,Honda,259.0
260,2026-01-29,5651.0,5680.0,5529.0,5560.0,4698600,Honda,260.0
261,2026-01-30,5727.0,5740.0,5664.0,5720.0,4792200,Honda,261.0
262,2026-02-02,5755.0,5857.0,5740.0,5827.0,5238400,Honda,262.0
263,2026-02-03,5950.0,5974.0,5869.0,5895.0,5922700,Honda,263.0
264,2026-02-04,5871.0,5935.0,5841.0,5900.0,5467900,Honda,264.0
265,2026-02-05,5970.0,6005.0,5918.0,5955.0,5770300,Honda,265.0
266,2026-02-06,6041.0,6041.0,5950.0,5995.0,3761100,Honda,266.0
